,nombre,apellidos,email,estudios,especialidad,telefono,sexo
0,Violeta,Téllez,fulgenciomontenegro@example.org,Bachillerato,Letras,+34 928 194 179,Hombre
1,Atilio,Lerma,abrahamclavero@example.net,Eso,Informatica,+34928590547,Mujer
2,Maximiano,Meléndez,mcano@example.org,Grado Medio,Informatica,+34 885 736 340,Mujer
3,María Pilar,Marcos,adelia67@example.org,Licenciatura,Informatica,+34 728 26 04 74,Hombre
4,Armida,Aguiló,santiago21@example.org,Licenciatura,Ingenieria,+34 877 47 06 01,Mujer
5,Martín,Gonzalo,maritacuervo@example.com,Grado,Letras,+34971 86 81 33,Mujer
6,Aitor,Melero,sobrinoroman@example.net,Doctorado,Ingenieria,+34 739 00 32 50,Hombre
7,Máximo,Pareja,ncarballo@example.org,Bachillerato,Letras,+34874 18 01 60,Mujer
8,Teo,Puente,fortunata00@example.org,Grado,Informatica,+34 900 48 79 79,Mujer
9,Aitana,Quiroga,ramirezmaribel@example.net,Licenciatura,Ingenieria,+34 875 880 558,Mujer
10,Santiago,Acero,graciaesteban@example.com,Bachillerato,Informatica,+34 875 083 078,Mujer
11,Clara,Vicens,samuel75@example.net,Licenciatura,Informatica,+34 846696420,Mujer
12,Alicia,Tapia,onofrenogueira@example.org,Grado,Informatica,+34 886 840 725,Mujer
13,Ceferino,Gargallo,neiradalila@example.com,Grado Medio,Letras,+34828535337,Mujer
14,Loida,Bueno,sofiabarriga@example.com,Grado,Ingenieria,+34 978829145,Mujer
15,Herminia,Sevilla,maria-angelesescriva@example.com,Bachillerato,Ingenieria,+34844569791,Mujer
16,Cornelio,Morillo,obdulia14@example.org,Máster,Informatica,+34 983475470,Mujer
17,Marcelino,Zorrilla,itziar35@example.org,Licenciatura,Informatica,+34920 37 90 46,Mujer
18,Nico,Huguet,rprats@example.com,Bachillerato,Letras,+34881 15 83 40,Hombre
19,María Ángeles,Meléndez,dieguezagustin@example.com,Grado Superior,Letras,+34976 86 69 74,Hombre
20,Galo,Daza,malogaston@example.com,Bachillerato,Letras,+34 878126495,Hombre
21,Berto,Velázquez,rosa47@example.net,Doctorado,Informatica,+34824769188,Hombre
22,Mohamed,Cabeza,salvador37@example.org,Bachillerato,Informatica,+34 900 414 598,Mujer
23,Juan José,Mendoza,josecuesta@example.net,Licenciatura,Ingenieria,+34 988 90 12 19,Hombre
24,Damián,Solsona,yesica98@example.net,Grado,Ingenieria,+34822754370,Mujer
25,Lucio,Plana,sgras@example.net,Doctorado,Informatica,+34882064071,Mujer
26,Aitana,Pareja,feliciana26@example.com,Licenciatura,Informatica,+34871705388,Mujer
27,Teófila,Clavero,wpizarro@example.org,Eso,Informatica,+34 942 24 84 71,Mujer
28,Nacho,Acuña,lupita66@example.com,Grado Superior,Informatica,+34975886801,Mujer
29,Teresita,Vigil,noemi08@example.com,Grado,Letras,+34 822 67 94 35,Hombre
30,Nicanor,Luna,ocasanovas@example.com,Grado Superior,Ingenieria,+34902 516 570,Mujer
31,Mariano,Lamas,tanaya@example.com,Licenciatura,Informatica,+34877608267,Hombre
32,Gonzalo,Plana,rebeca82@example.org,Doctorado,Ingenieria,+34 900312499,Hombre
33,Máximo,Blanch,yolandataboada@example.net,Máster,Informatica,+34 806098335,Mujer
34,Atilio,Vigil,maria-manuelaroca@example.net,Grado,Informatica,+34 979 264 133,Mujer
35,Martina,Fuertes,probles@example.com,Eso,Informatica,+34922617530,Hombre
36,Adelina,Torres,reginalinares@example.org,Grado,Letras,+34921575087,Mujer
37,Rufina,Manzanares,valenzuelachucho@example.com,Licenciatura,Informatica,+34978 365 474,Mujer
38,Alejandro,Colom,isidro53@example.net,Licenciatura,Ingenieria,+34982 10 64 68,Mujer
39,María,Atienza,duartemiguel-angel@example.net,Licenciatura,Informatica,+34 813722704,Hombre
40,Sebastian,Capdevila,lmosquera@example.org,Grado,Ingenieria,+34828 130 525,Hombre
41,Fernanda,Navarro,adelia22@example.org,Grado,Informatica,+34 800 78 79 56,Mujer
42,Carlito,Capdevila,tomas38@example.org,Bachillerato,Letras,+34648 031 123,Hombre
43,Evangelina,Daza,llorentefanny@example.org,Grado Medio,Informatica,+34877954784,Hombre
44,Priscila,Chaparro,gerardorecio@example.net,Bachillerato,Informatica,+34 971 276 394,Mujer
45,Luz,Silva,calixtopalomares@example.net,Grado Medio,Informatica,+34981 600 984,Hombre
46,Victor,Aller,cruzsarabia@example.org,Máster,Ingenieria,+34944 19 31 60,Mujer
47,Ariel,Villena,aurelianocastrillo@example.com,Grado Superior,Ingenieria,+34827 217 051,Hombre
48,Alberto,Julián,juan-bautista83@example.com,Grado,Informatica,+34 949 07 94 06,Hombre
49,Hermenegildo,Salamanca,corominasjuan-antonio@example.com,Eso,Letras,+34 822 718 772,Hombre
50,Urbano,Ramón,flarranaga@example.org,Grado Medio,Informatica,+34973 19 39 29,Mujer
51,María Fernanda,Robles,lucila77@example.net,Licenciatura,Letras,+34 835837248,Hombre
52,Gaspar,Arce,robertajove@example.com,Grado Medio,Informatica,+34822 30 19 31,Mujer
53,Clemente,Figuerola,kgilabert@example.net,Grado Medio,Letras,+34938 680 586,Hombre
54,Teresa,Riera,bheras@example.net,Eso,Informatica,+34 845 571 669,Mujer
55,Lina,Aznar,bonifacio57@example.net,Máster,Informatica,+34 945 16 95 88,Mujer
56,Saturnino,Ángel,aespinosa@example.net,Doctorado,Letras,+34 849 36 91 46,Mujer
57,Gaspar,Abascal,diegoanibal@example.com,Licenciatura,Ingenieria,+34828162280,Hombre
58,Jose Antonio,Aller,zuritaroxana@example.net,Bachillerato,Letras,+34988 295 035,Hombre
59,Sandra,Giner,dieguezisaura@example.com,Máster,Informatica,+34 938 52 81 60,Mujer
60,Amado,Camacho,irosado@example.net,Máster,Ingenieria,+34877792947,Mujer
61,Adalberto,Beltrán,rosendohervas@example.org,Grado Superior,Letras,+34 842 999 485,Hombre
62,Encarnación,Giner,vito52@example.org,Bachillerato,Informatica,+34 971 20 01 76,Mujer
63,Eric,Benavent,csastre@example.com,Bachillerato,Ingenieria,+34888 510 758,Hombre
64,Ainara,Hierro,fuertescurro@example.com,Grado Medio,Letras,+34973 78 77 33,Mujer
65,René,Berenguer,cesar25@example.org,Grado Superior,Informatica,+34841 63 56 23,Hombre
66,Anacleto,Martinez,teodoropujol@example.com,Licenciatura,Letras,+34983691164,Hombre
67,Flora,Vizcaíno,bporcel@example.com,Licenciatura,Ingenieria,+34843 26 28 95,Hombre
68,Mercedes,Villena,yseco@example.net,Grado,Ingenieria,+34 944 941 982,Mujer
69,José Antonio,Lucena,albertosarabia@example.com,Grado Superior,Informatica,+34 874 00 21 39,Hombre
70,Nacio,Gimeno,victor09@example.com,Licenciatura,Letras,+34 887 15 89 97,Mujer
71,Leoncio,Campos,vallesigfrido@example.org,Eso,Informatica,+34 725 05 57 67,Hombre
72,José Manuel,Lloret,corbachoazahar@example.net,Grado,Ingenieria,+34922280862,Hombre
73,Felipa,Leiva,clamas@example.com,Eso,Ingenieria,+34856 726 949,Mujer
74,Bonifacio,Ángel,anita65@example.net,Eso,Informatica,+34984170461,Hombre
75,Fermín,Flor,clementecobos@example.org,Máster,Letras,+34975948818,Mujer
76,Virginia,Boada,roxanaaznar@example.org,Eso,Letras,+34943195718,Mujer
77,Amador,Perea,mansoernesto@example.com,Máster,Ingenieria,+34902995145,Mujer
78,Tadeo,Robledo,marcianocompany@example.com,Máster,Ingenieria,+34 848 610 248,Hombre
79,Maite,Trujillo,josefina20@example.net,Doctorado,Ingenieria,+34925661647,Hombre
80,Selena,Abascal,emelendez@example.org,Doctorado,Informatica,+34848 625 793,Hombre
81,Hilda,Márquez,samu94@example.com,Grado,Letras,+34 841 351 466,Mujer
82,Adelina,Marquez,soleracalixto@example.com,Licenciatura,Ingenieria,+34824 476 436,Mujer
83,Fabiola,Salas,saturninogutierrez@example.com,Grado,Ingenieria,+34 947 204 403,Hombre
84,Nicodemo,Torralba,pedrodora@example.net,Grado Superior,Letras,+34 857 816 936,Mujer
85,Rafaela,Jaume,mercedesalmeida@example.org,Bachillerato,Ingenieria,+34982 768 112,Hombre
86,Jose Angel,Solís,luqueeligia@example.net,Licenciatura,Informatica,+34844222411,Mujer
87,Lucía,Raya,fidela64@example.org,Bachillerato,Letras,+34 887 921 198,Hombre
88,Manuel,Martin,gomilapili@example.com,Grado Medio,Letras,+34828 763 043,Hombre
89,Jeremías,Matas,eutimio01@example.com,Doctorado,Ingenieria,+34925 26 74 30,Hombre
90,Cipriano,Sales,aguirreromulo@example.org,Grado,Ingenieria,+34824837183,Mujer
91,Godofredo,Tovar,america52@example.net,Grado Medio,Letras,+34882629108,Mujer
92,María José,Murillo,valencialeopoldo@example.net,Grado Superior,Ingenieria,+34985 958 593,Hombre
93,David,Paz,graciaclara@example.org,Licenciatura,Ingenieria,+34 920852554,Hombre
94,Melisa,Seguí,acevedoalbert@example.net,Doctorado,Informatica,+34 920 606 532,Mujer
95,Feliciana,Lillo,soraya12@example.net,Grado Superior,Informatica,+34857 82 57 77,Mujer
96,Atilio,Herranz,aguilerafabiola@example.net,Licenciatura,Informatica,+34 962 153 872,Hombre
97,Paca,Tur,tsaavedra@example.com,Grado Superior,Letras,+34803 420 749,Hombre
98,Josefa,Carballo,valenciazoraida@example.com,Eso,Ingenieria,+34927 29 82 64,Hombre
99,Porfirio,Mancebo,vmartinez@example.net,Grado,Ingenieria,+34920 461 656,Mujer
100,Mirta,Vega,paolabermudez@example.net,Licenciatura,Ingenieria,+34 803 42 39 00,Mujer
101,Begoña,Cabeza,belen30@example.org,Grado Superior,Ingenieria,+34 867 118 004,Hombre
102,Leandra,Pi,arceguillermo@example.net,Eso,Ingenieria,+34861492181,Mujer
103,Susanita,Núñez,lledoliliana@example.com,Grado,Ingenieria,+34 822 890 040,Mujer
104,Íñigo,Salcedo,rieranatanael@example.org,Licenciatura,Ingenieria,+34 887 39 06 33,Mujer
105,Caridad,Duque,corbachosusana@example.org,Grado Medio,Informatica,+34 841 728 546,Mujer
106,Baudelio,Parra,abellaanacleto@example.com,Máster,Informatica,+34807 016 812,Mujer
107,Vera,Pozo,feliciano95@example.net,Grado Medio,Informatica,+34978 64 10 94,Hombre
108,Abraham,Clavero,silvestre77@example.com,Grado Superior,Ingenieria,+34843450519,Hombre
109,Severino,Burgos,fpinto@example.net,Grado Superior,Letras,+34846 23 29 75,Mujer
110,Horacio,Moreno,saenzovidio@example.org,Licenciatura,Letras,+34 886637851,Mujer
111,Edelmiro,Torres,rquiros@example.net,Grado Medio,Letras,+34976 647 280,Mujer
112,Nayara,Ropero,lalo39@example.org,Licenciatura,Ingenieria,+34875 58 71 20,Mujer
113,Emigdio,Jordá,crescencia54@example.com,Máster,Letras,+34836 78 50 63,Mujer
114,Raimundo,Aguiló,jonatanvicente@example.com,Grado Medio,Letras,+34866 69 84 81,Mujer
115,Rosario,Portillo,escobarcirino@example.org,Grado Medio,Ingenieria,+34972 044 758,Hombre
116,Leticia,Noguera,sarita41@example.com,Grado Superior,Letras,+34946154035,Hombre
117,Silvia,Vilaplana,lorenamurcia@example.net,Grado Medio,Letras,+34 871174596,Hombre
118,Otilia,Rozas,hvives@example.net,Grado Superior,Ingenieria,+34 844 036 116,Hombre
119,Anselmo,Montserrat,pepitopaez@example.org,Grado Medio,Letras,+34 807 397 116,Hombre
120,Teodosio,Madrid,juan-carlos98@example.com,Licenciatura,Ingenieria,+34 823915575,Hombre
121,Victoriano,Guzman,adoracionelorza@example.org,Doctorado,Letras,+34 847 479 837,Mujer
122,Leandro,Iglesia,estefania57@example.org,Doctorado,Ingenieria,+34848809991,Mujer
123,Débora,Vicens,graucarmela@example.org,Grado Superior,Letras,+34 730 63 93 70,Mujer
124,Candelas,Sanabria,dgordillo@example.com,Eso,Ingenieria,+34 876931327,Hombre
125,Iker,Alarcón,csolano@example.org,Doctorado,Ingenieria,+34 902 86 26 11,Hombre
126,Maximiano,Sanjuan,americo55@example.com,Grado Superior,Ingenieria,+34882 95 60 19,Hombre
127,Amelia,Cabañas,pulidocalixto@example.net,Máster,Ingenieria,+34934 572 341,Hombre
128,Jafet,Giménez,francisco-josecolom@example.org,Doctorado,Letras,+34881 992 279,Hombre
129,Purificación,Murcia,natalio70@example.net,Grado Superior,Informatica,+34980 348 253,Mujer
130,Luz,Cornejo,quintanillamanuel@example.org,Bachillerato,Letras,+34874988151,Hombre
131,Onofre,Mascaró,glauco51@example.org,Máster,Informatica,+34 942415235,Hombre
132,Evangelina,Abril,castelloflorinda@example.org,Grado Medio,Letras,+34 917979533,Hombre
133,Remigio,Prieto,maria-del-carmenrocamora@example.org,Eso,Ingenieria,+34943 221 573,Mujer
134,Macario,Torrens,calixtavilanova@example.net,Eso,Letras,+34 865 835 137,Hombre
135,Aarón,Roca,loborafa@example.com,Eso,Ingenieria,+34884 08 51 69,Mujer
136,Filomena,Ibañez,uegea@example.net,Licenciatura,Ingenieria,+34 821 62 52 95,Mujer
137,Ramiro,Cerdá,arcelia19@example.org,Licenciatura,Informatica,+34806 397 859,Hombre
138,Valerio,Ramón,martiriocoloma@example.com,Máster,Ingenieria,+34974910037,Mujer
139,Gema,Barberá,alejo13@example.org,Bachillerato,Letras,+34 923 833 655,Hombre
140,Isa,Peral,dora40@example.org,Grado,Ingenieria,+34841 380 874,Mujer
141,Epifanio,Rosselló,rodriguezleandra@example.com,Grado Superior,Letras,+34878 12 57 02,Mujer
142,Rosa María,Quero,aleon@example.com,Grado,Ingenieria,+34841 08 14 38,Hombre
143,Pastor,Guijarro,marcosnorberto@example.com,Doctorado,Ingenieria,+34 845 232 485,Hombre
144,Espiridión,Santos,leticiapacheco@example.com,Grado Medio,Ingenieria,+34841 64 94 82,Mujer
145,Ruperto,Morera,ferranpastor@example.net,Máster,Ingenieria,+34883 08 08 14,Hombre
146,Cebrián,Conde,miguel-angelhurtado@example.com,Máster,Ingenieria,+34 738 831 004,Mujer
147,Emperatriz,Hernandez,yaizapallares@example.org,Grado Superior,Ingenieria,+34 826053445,Hombre
148,Bernarda,Boix,acarrera@example.org,Grado,Letras,+34 941 529 832,Mujer
149,Rosaura,Ros,dfrutos@example.org,Grado Superior,Ingenieria,+34981 854 093,Mujer
150,Melchor,Bravo,carmelacuevas@example.net,Bachillerato,Ingenieria,+34 982859321,Hombre
151,Nazaret,Salcedo,hernandezcurro@example.net,Grado Medio,Ingenieria,+34 807 039 106,Hombre
152,Macario,Daza,mtorrijos@example.net,Grado Medio,Informatica,+34833085527,Mujer
153,Pánfilo,Reina,jadan@example.com,Doctorado,Ingenieria,+34824343908,Hombre
154,Dominga,Vicens,aura42@example.com,Grado Superior,Letras,+34 826796484,Mujer
155,Graciana,Olmo,jose-marimacias@example.net,Grado Medio,Ingenieria,+34882 704 078,Hombre
156,Plinio,Girona,epifanio37@example.net,Doctorado,Letras,+34 873694443,Hombre
157,Ainara,Jordán,florentino45@example.net,Bachillerato,Informatica,+34 807 440 292,Hombre
158,Sol,Mosquera,ximena94@example.net,Grado Medio,Informatica,+34 874 411 096,Mujer
159,Santiago,Montaña,xiomaraarteaga@example.com,Eso,Letras,+34 922 622 832,Hombre
160,Isaías,Aranda,rosaura21@example.com,Grado,Ingenieria,+34921707763,Hombre
161,Rocío,Jaume,amadozurita@example.org,Eso,Informatica,+34 876 307 554,Mujer
162,María Del Carmen,Campo,larroyo@example.org,Bachillerato,Informatica,+34 971 801 827,Mujer
163,Damián,Benavent,almansaandrea@example.com,Grado,Ingenieria,+34979853353,Hombre
164,Armando,Alcolea,manuelguadalupe@example.net,Bachillerato,Informatica,+34 902 14 91 70,Mujer
165,Alfonso,Pedrosa,amercader@example.net,Eso,Ingenieria,+34820 695 514,Hombre
166,María,Cabanillas,teodora15@example.net,Doctorado,Letras,+34900 674 705,Hombre
167,Cosme,Cerdá,nberenguer@example.org,Máster,Letras,+34928 908 531,Mujer
168,Ariel,Cifuentes,ruizjordana@example.net,Grado,Ingenieria,+34985 78 12 59,Hombre
169,Marianela,Montes,csuarez@example.com,Eso,Informatica,+34803 527 281,Hombre
170,Eloy,Pomares,roman42@example.net,Licenciatura,Letras,+34824 450 762,Hombre
171,Azeneth,Orozco,aragonflavio@example.net,Licenciatura,Ingenieria,+34973 262 076,Mujer
172,José Antonio,Blázquez,martinseve@example.org,Doctorado,Informatica,+34886 88 14 69,Mujer
173,Prudencia,Dávila,nuriafajardo@example.net,Grado Superior,Informatica,+34 887 48 07 05,Hombre
174,Emilio,Barrio,pbellido@example.net,Bachillerato,Ingenieria,+34 948 372 834,Hombre
175,Fátima,Mir,canizaresfatima@example.org,Doctorado,Informatica,+34848 65 84 76,Mujer
176,Viviana,Roldán,esmeralda81@example.org,Máster,Informatica,+34 806 49 43 26,Hombre
177,Raquel,Donaire,aescamilla@example.org,Eso,Letras,+34943 83 76 71,Hombre
178,Edelmiro,Montalbán,sandaliomonreal@example.org,Eso,Informatica,+34875296475,Mujer
179,Fortunata,Larrea,yherranz@example.org,Grado Superior,Informatica,+34 842 023 230,Hombre
180,Alondra,Diego,tudelaamada@example.net,Grado Superior,Letras,+34 948 940 328,Mujer
181,Emperatriz,Porcel,alonso12@example.net,Máster,Ingenieria,+34 871487680,Hombre
182,Santos,Dalmau,ymanjon@example.org,Grado Medio,Letras,+34 821 292 133,Mujer
183,Édgar,Ávila,martinmariano@example.org,Grado Medio,Letras,+34 984 556 773,Mujer
184,Camila,Alfaro,dlorenzo@example.com,Grado,Ingenieria,+34 944 84 40 78,Hombre
185,Cloe,Pons,hilda85@example.com,Bachillerato,Ingenieria,+34 879 04 89 25,Hombre
186,Vasco,Casanovas,santiagorene@example.com,Grado Medio,Letras,+34 977 421 249,Hombre
187,Emma,Jáuregui,leonelcerdan@example.net,Eso,Informatica,+34901 12 53 22,Mujer
188,Nélida,Vaquero,lara91@example.net,Bachillerato,Ingenieria,+34873 73 42 03,Mujer
189,Luz,Vilanova,balduino68@example.net,Grado Superior,Informatica,+34 873992903,Hombre
190,Hector,Alcolea,ingridgil@example.com,Grado,Letras,+34 827 69 17 09,Mujer
191,Fortunata,Grau,obayon@example.net,Grado Medio,Ingenieria,+34943 27 66 82,Hombre
192,Jovita,Méndez,torresjosefina@example.com,Grado Superior,Informatica,+34915174707,Hombre
193,Rosario,Lillo,pdominguez@example.net,Eso,Informatica,+34 747766412,Mujer
194,Yéssica,Cardona,cristinazurita@example.org,Licenciatura,Letras,+34826 721 170,Hombre
195,Cornelio,Castells,padillaangelina@example.com,Licenciatura,Letras,+34945 672 521,Hombre
196,Javier,Simó,anita65@example.com,Grado,Letras,+34 845431304,Mujer
197,Anabel,Anglada,panfilogargallo@example.com,Bachillerato,Ingenieria,+34 941 12 40 77,Mujer
198,Iris,Jiménez,patriciomolina@example.com,Bachillerato,Ingenieria,+34 900 73 56 68,Hombre
199,Dolores,Velasco,guzmanursula@example.net,Bachillerato,Informatica,+34 947 660 243,Mujer
200,Asdrubal,Pombo,luis61@example.com,Grado Superior,Ingenieria,+34 883 03 63 07,Mujer
201,Maribel,Cuervo,zvalcarcel@example.com,Máster,Letras,+34869 53 22 65,Mujer
202,Alejandro,Cid,chus75@example.org,Máster,Ingenieria,+34919 48 84 88,Hombre
203,Juan Antonio,Adán,ycalvet@example.com,Grado Medio,Letras,+34 922 361 156,Mujer
204,Candelario,Pérez,zmenendez@example.org,Máster,Letras,+34 942 65 37 11,Hombre
205,Guiomar,Anguita,ursula81@example.com,Eso,Ingenieria,+34883268694,Mujer
206,Alfonso,Iglesia,vallesadelaida@example.net,Licenciatura,Ingenieria,+34 986357381,Mujer
207,Adalberto,Reyes,soledad84@example.net,Grado Superior,Letras,+34842419066,Mujer
208,Iván,Gabaldón,adora95@example.com,Grado Medio,Letras,+34856 042 592,Hombre
209,Ágata,Crespo,elviraminguez@example.net,Licenciatura,Informatica,+34 980347085,Mujer
210,Edgardo,Herrero,vivianaconde@example.net,Máster,Ingenieria,+34874238345,Mujer
211,Agapito,Garriga,rivasisidora@example.com,Grado,Ingenieria,+34 955566740,Mujer
212,Apolinar,Rocha,samperagustina@example.com,Grado,Letras,+34944 696 671,Mujer
213,Casemiro,Donaire,roman34@example.org,Máster,Informatica,+34857 27 09 83,Hombre
214,Ceferino,Pera,joangalindo@example.net,Máster,Ingenieria,+34927 16 02 77,Mujer
215,Maximiano,Gascón,gvilaplana@example.net,Grado Superior,Ingenieria,+34 823 38 43 78,Hombre
216,Cruz,Dominguez,kgomez@example.org,Grado,Letras,+34 978 691 842,Hombre
217,Ofelia,Cervantes,cgamez@example.net,Grado Superior,Ingenieria,+34844054876,Mujer
218,Olivia,Durán,secoesteban@example.com,Máster,Informatica,+34 880168811,Mujer
219,Nazaret,Beltran,felix45@example.net,Bachillerato,Ingenieria,+34 962 61 34 31,Mujer
220,Ágata,Sanabria,valentinmatias@example.org,Grado,Informatica,+34 944 664 177,Hombre
221,Tamara,Barrena,royojose@example.org,Bachillerato,Informatica,+34 848420455,Hombre
222,Gonzalo,Piquer,teobaldo33@example.com,Licenciatura,Ingenieria,+34 974 927 692,Mujer
223,Perlita,Gras,climaco82@example.com,Doctorado,Informatica,+34947851779,Hombre
224,Donato,Novoa,brigida36@example.net,Grado Superior,Informatica,+34879 206 019,Hombre
225,Geraldo,Saavedra,marianela64@example.net,Eso,Letras,+34 987 76 27 32,Mujer
226,Jenaro,Pazos,jose-antonio55@example.com,Doctorado,Letras,+34947714660,Mujer
227,Cirino,Franco,charo04@example.net,Grado,Letras,+34820 92 65 25,Hombre
228,Adelina,Grande,nluz@example.org,Doctorado,Informatica,+34 877398183,Mujer
229,Reyes,Lledó,felix77@example.com,Licenciatura,Informatica,+34 953 82 23 06,Mujer
230,Xiomara,Sevillano,gisbertmanuelita@example.com,Bachillerato,Letras,+34 978616153,Mujer
231,Emigdio,Espada,barrancocalixto@example.net,Doctorado,Informatica,+34846 36 40 93,Mujer
232,María Teresa,Palau,jose-angel29@example.com,Máster,Letras,+34 874 108 145,Hombre
233,Herberto,Vila,tere83@example.com,Grado Superior,Informatica,+34 879 23 76 09,Hombre
234,Valerio,Carrasco,javieraangel@example.org,Grado Medio,Letras,+34 986492807,Hombre
236,Rosenda,Acero,belencarbajo@example.com,Máster,Ingenieria,+34 807804520,Hombre
237,Ale,Villalobos,marcio29@example.com,Eso,Letras,+34696473875,Mujer
238,Adelaida,Atienza,previlla@example.net,Grado,Letras,+34 879 44 53 99,Hombre
239,Carmela,Saura,teresita96@example.com,Bachillerato,Ingenieria,+34 863 180 771,Hombre
240,Amanda,Corral,escribanosandalio@example.net,Bachillerato,Letras,+34 833 803 868,Mujer
241,Elisa,Galiano,gustavopelaez@example.com,Máster,Informatica,+34 924822873,Hombre
242,María,Domínguez,brunilda90@example.com,Licenciatura,Ingenieria,+34 827 97 11 65,Hombre
243,Reyna,Aller,miguel-angelsanjuan@example.org,Grado Superior,Letras,+34 858 74 23 28,Hombre
244,Dora,Palomares,eutropiogarate@example.org,Máster,Informatica,+34980 654 770,Hombre
245,Venceslás,Paz,blanchfelicia@example.org,Máster,Letras,+34888 47 16 26,Hombre
246,Vicente,Clemente,ubarros@example.net,Grado,Letras,+34 702 15 71 27,Mujer
247,Dorita,Becerra,segarratomas@example.com,Grado Superior,Informatica,+34 844 763 142,Hombre
248,Bernarda,Corral,marcosparejo@example.com,Eso,Informatica,+34 800 738 152,Hombre
249,Luis Ángel,Pelayo,ruperto29@example.org,Bachillerato,Ingenieria,+34 848 94 09 15,Mujer
250,Miguela,Rey,aaronporta@example.net,Máster,Informatica,+34 916 205 618,Mujer
251,Tomás,Clavero,javieracorbacho@example.net,Licenciatura,Informatica,+34875448099,Mujer
252,Genoveva,Piñeiro,charo21@example.com,Bachillerato,Letras,+34 849606997,Mujer
253,Amparo,Cabello,osvaldo22@example.com,Grado Medio,Letras,+34 871 95 20 12,Mujer
254,Natanael,Verdejo,casemirovizcaino@example.com,Grado Superior,Letras,+34 877460670,Hombre
255,Ildefonso,Corominas,palaciojose@example.net,Grado,Informatica,+34882641160,Mujer
256,Adela,Narváez,uribecarolina@example.net,Doctorado,Letras,+34 875 751 554,Hombre
257,Pili,Izaguirre,dpalma@example.com,Licenciatura,Ingenieria,+34 618 33 31 99,Hombre
258,Jose Luis,Feliu,zsalazar@example.net,Doctorado,Letras,+34663 907 268,Hombre
259,Graciana,Mendoza,ktejedor@example.com,Grado Superior,Informatica,+34736632335,Mujer
260,Rosenda,Acuña,florenciaibanez@example.org,Grado,Informatica,+34871 95 57 91,Mujer
261,Lourdes,Pazos,tatiana91@example.net,Grado Superior,Letras,+34947 11 33 97,Mujer
262,Maura,Marí,guerreroisaias@example.com,Grado Superior,Letras,+34 873 54 83 37,Mujer
263,Aristides,Ochoa,tere62@example.com,Grado Superior,Letras,+34 949125676,Hombre
264,Rosalva,Guillén,conchaanaya@example.com,Grado,Informatica,+34901 968 829,Mujer
265,Ruperto,Ortuño,pacifica85@example.com,Grado,Letras,+34 976 330 117,Hombre
266,Jorge,Adán,anna93@example.org,Bachillerato,Informatica,+34 826 89 81 56,Hombre
267,Lorena,Montserrat,yessica71@example.org,Doctorado,Letras,+34 729 17 01 62,Hombre
268,Palmira,Cordero,alemanyoriana@example.com,Grado,Ingenieria,+34934 75 65 07,Hombre
269,Angelina,Orozco,ycantero@example.org,Grado Medio,Ingenieria,+34828 15 61 79,Mujer
270,María,Alegre,aaron94@example.org,Licenciatura,Informatica,+34920 24 64 73,Hombre
271,Moisés,Ferrán,cballester@example.net,Grado Superior,Letras,+34945 48 00 99,Hombre
272,Severino,Larrañaga,edgar19@example.net,Grado Superior,Ingenieria,+34723 327 084,Hombre
273,Ignacio,Andrade,fortunatolasa@example.com,Eso,Informatica,+34 880882376,Mujer
274,Curro,Ropero,amaro51@example.com,Máster,Letras,+34 884 53 84 83,Hombre
275,Fátima,Olmo,pdelgado@example.org,Licenciatura,Letras,+34 881 47 35 86,Hombre
276,Carmina,Olmedo,sosimo46@example.org,Eso,Letras,+34845894074,Hombre
277,Sebastian,Piñol,matildetejedor@example.org,Bachillerato,Informatica,+34985 04 23 41,Hombre
279,Isidoro,Calzada,pepito85@example.com,Doctorado,Informatica,+34 974 00 62 29,Hombre
280,Sigfrido,Peñalver,vilaalejandro@example.org,Licenciatura,Informatica,+34630 193 139,Mujer
281,Leonel,Piquer,lamaslope@example.com,Grado Superior,Informatica,+34986726171,Mujer
282,Remedios,Garmendia,mar15@example.com,Licenciatura,Letras,+34813 215 354,Hombre
283,Corona,Buendía,montenegroluisa@example.org,Doctorado,Informatica,+34824 786 511,Mujer
284,Leonor,Sanjuan,pizarroanita@example.org,Grado Medio,Letras,+34 820800637,Mujer
285,Rufino,Casals,dalila88@example.com,Eso,Ingenieria,+34 841361640,Hombre
286,Evelia,Olmedo,gabrielaplaza@example.net,Grado Medio,Letras,+34884 55 65 32,Hombre
287,Bernardino,Aparicio,oarce@example.net,Doctorado,Letras,+34834180561,Hombre
288,María Jesús,Taboada,uarregui@example.com,Grado Superior,Ingenieria,+34 842 857 316,Hombre
289,Martín,Palmer,nazario24@example.org,Doctorado,Letras,+34978 93 20 09,Hombre
290,Leonel,Redondo,josefa80@example.net,Doctorado,Letras,+34814 14 12 16,Hombre
291,Vasco,Busquets,jlamas@example.org,Grado Medio,Informatica,+34747952408,Mujer
292,Gaspar,Llorens,jennytome@example.org,Grado,Letras,+34 878443873,Mujer
293,Porfirio,Avilés,leandra40@example.net,Eso,Informatica,+34 942 473 023,Mujer
294,Jose Carlos,Urrutia,pepita62@example.org,Máster,Letras,+34982 44 70 27,Mujer
296,Angelina,Gelabert,dviana@example.com,Grado Medio,Letras,+34 943529176,Hombre
297,Paula,Palacio,gasconbenigno@example.com,Grado,Letras,+34 849 938 367,Hombre
298,María Cristina,Garay,qbonilla@example.net,Grado Medio,Informatica,+34806 30 96 31,Hombre
299,Catalina,Mariscal,abiliomercader@example.org,Bachillerato,Ingenieria,+34980636484,Mujer
300,Tecla,Gallardo,uriadelfina@example.com,Bachillerato,Informatica,+34844869659,Hombre
301,Belén,Jerez,jose-miguelpavon@example.com,Grado Superior,Informatica,+34925 295 949,Hombre
302,Abraham,Mayoral,pacificaespinosa@example.net,Licenciatura,Informatica,+34 821 304 767,Hombre
303,Alba,Bru,alfonsohernando@example.org,Doctorado,Letras,+34875329229,Mujer
304,Juan,Ramón,sandalio69@example.org,Eso,Ingenieria,+34724 92 87 80,Hombre
305,Amando,Lozano,jose-angelramon@example.org,Licenciatura,Letras,+34975 10 19 52,Mujer
306,Timoteo,Zapata,nidiatellez@example.net,Grado,Informatica,+34 833 909 805,Hombre
307,Amor,Díaz,eligioroyo@example.com,Grado,Ingenieria,+34 881860961,Mujer
308,Artemio,Calatayud,calzadaevita@example.net,Grado Superior,Letras,+34 942765909,Mujer
309,Zacarías,Vall,marcos17@example.com,Doctorado,Letras,+34 987 46 35 41,Mujer
310,Nando,Gracia,maiteherrera@example.net,Doctorado,Ingenieria,+34 939034493,Mujer
311,César,Roldan,pelayogalvez@example.org,Grado Superior,Ingenieria,+34 852 91 41 63,Mujer
312,Loreto,Reyes,fernandezluna@example.org,Doctorado,Informatica,+34822 705 926,Mujer
313,María Pilar,Múgica,albinagiralt@example.com,Máster,Informatica,+34933 801 937,Mujer
314,Patricia,Verdejo,isidoro54@example.org,Grado Superior,Ingenieria,+34985 469 586,Mujer
315,Daniel,Peiró,bermejosarita@example.org,Grado Medio,Ingenieria,+34 875 65 97 35,Mujer
316,Armando,Prats,kmorillo@example.com,Grado Medio,Informatica,+34834 76 00 54,Mujer
317,Humberto,Ríos,tmorell@example.org,Doctorado,Ingenieria,+34 901 939 404,Hombre
318,Aurelia,Juliá,alcazarjeremias@example.org,Eso,Letras,+34 946785135,Hombre
319,Vito,Vara,elisabet22@example.com,Licenciatura,Informatica,+34 824 404 986,Mujer
320,Benito,Cózar,falvarez@example.net,Máster,Informatica,+34 882205804,Mujer
321,Luz,Figueras,sanguita@example.org,Bachillerato,Informatica,+34 985 39 27 95,Hombre
322,Emelina,Marí,yanezpacifica@example.net,Grado Medio,Ingenieria,+34 941872802,Mujer
323,Tristán,Company,vilarvilma@example.org,Máster,Letras,+34926 64 70 16,Mujer
324,Hipólito,Casal,castanedaemigdio@example.org,Licenciatura,Ingenieria,+34 825 784 527,Hombre
325,Tamara,Morera,emilia88@example.org,Licenciatura,Ingenieria,+34823588394,Hombre
326,Cosme,Figuerola,geronimo87@example.com,Máster,Ingenieria,+34 886 42 61 31,Mujer
327,Haroldo,Oliveras,ntovar@example.com,Grado Superior,Letras,+34 827229461,Mujer
328,Isabela,Pol,montserratjuan-antonio@example.com,Grado Superior,Letras,+34849196755,Hombre
329,Albina,Lozano,heribertorobledo@example.net,Eso,Informatica,+34 874 46 09 16,Hombre
330,Sara,Baena,ogalvan@example.com,Grado,Letras,+34806154498,Mujer
331,Florencio,Cabo,salud73@example.net,Grado Superior,Ingenieria,+34735 82 62 76,Mujer
332,Armando,Verdejo,pinolmireia@example.com,Máster,Letras,+34944730271,Hombre
333,Regina,Ayllón,gloria08@example.net,Máster,Letras,+34920 435 407,Hombre
334,Lina,Serrano,maria-fernandamiguel@example.com,Doctorado,Informatica,+34972822490,Mujer
335,Sebastian,Perales,melerofrancisco-javier@example.org,Doctorado,Letras,+34847478224,Mujer
336,Ramiro,Costa,xbalaguer@example.org,Bachillerato,Letras,+34 842 86 52 29,Hombre
337,Nilo,Cabeza,sgarrido@example.net,Máster,Informatica,+34 973480167,Hombre
339,Liliana,Díaz,menamaria-fernanda@example.com,Grado,Letras,+34 828 53 65 56,Hombre
340,Simón,Villalobos,heraclio48@example.org,Grado Superior,Ingenieria,+34 974616725,Mujer
341,Eugenio,Pinilla,yvalbuena@example.org,Grado Superior,Informatica,+34886 31 08 27,Hombre
342,Amado,Cobo,anunciacion94@example.net,Eso,Informatica,+34 828926166,Mujer
343,Eutimio,Gárate,juana17@example.com,Grado Medio,Informatica,+34 944813643,Mujer
344,Gil,Jurado,pagespaz@example.net,Licenciatura,Letras,+34 874 049 913,Mujer
345,Andrés Felipe,Osuna,fermin45@example.net,Bachillerato,Letras,+34 973 23 28 01,Hombre
346,Mohamed,Vives,rramos@example.com,Doctorado,Informatica,+34 823 60 73 37,Hombre
347,Pascual,Goñi,baldomerocerdan@example.com,Doctorado,Letras,+34 978 099 171,Hombre
348,Tamara,Muro,griseldaayllon@example.org,Grado Medio,Letras,+34 982 10 92 06,Hombre
349,Genoveva,Raya,obdulia50@example.net,Máster,Informatica,+34944 547 262,Mujer
350,Marisela,Lerma,ncastillo@example.org,Grado Medio,Informatica,+34 880 44 82 09,Mujer
351,Narciso,Vizcaíno,lgarriga@example.com,Licenciatura,Letras,+34 981 037 046,Mujer
352,Celestina,Morera,espejoamerica@example.net,Grado Superior,Informatica,+34 915006614,Mujer
353,Augusto,Mateo,gcodina@example.org,Licenciatura,Ingenieria,+34980423888,Hombre
354,Obdulia,Cantón,alex63@example.org,Grado Medio,Informatica,+34944 71 22 04,Hombre
355,Jerónimo,Castilla,humberto63@example.net,Grado Superior,Letras,+34 927 54 87 31,Mujer
356,Vilma,Conesa,dulce56@example.org,Grado Medio,Letras,+34 902 063 753,Hombre
357,José,Higueras,reyesgrau@example.com,Licenciatura,Informatica,+34976338137,Mujer
358,Jonatan,Toledo,lucila51@example.org,Grado Superior,Informatica,+34 942 56 42 84,Hombre
359,María Jesús,Cuenca,flara@example.com,Máster,Informatica,+34 986907403,Mujer
360,Rubén,Alemany,gabaldoncarla@example.net,Bachillerato,Letras,+34 843 147 626,Hombre
361,René,Navas,luis-miguelprieto@example.com,Grado,Informatica,+34 821 67 01 49,Mujer
362,Crescencia,Narváez,hector89@example.org,Licenciatura,Ingenieria,+34 806812474,Hombre
363,Perlita,Montes,tcifuentes@example.net,Doctorado,Ingenieria,+34976 14 30 42,Mujer
364,Guiomar,Mendizábal,grosell@example.org,Doctorado,Ingenieria,+34 900 573 248,Hombre
365,Carmelo,Escrivá,zanglada@example.net,Grado Medio,Letras,+34983 49 01 02,Mujer
366,Plinio,Pujadas,leonruben@example.net,Bachillerato,Letras,+34601 37 75 24,Mujer
367,Toribio,Duque,javierapalmer@example.net,Grado Superior,Ingenieria,+34949 19 00 14,Mujer
368,Abraham,León,anguitafelix@example.net,Eso,Letras,+34843 39 48 62,Mujer
369,Balduino,Mena,jose-antonio51@example.com,Doctorado,Ingenieria,+34 845 397 495,Mujer
370,Herminio,Berrocal,criadoricardo@example.net,Bachillerato,Informatica,+34945635779,Hombre
371,Nilda,Colomer,sabatermaximiliano@example.org,Eso,Letras,+34859 672 341,Hombre
372,Quique,Montero,marcorebollo@example.com,Licenciatura,Letras,+34 945 207 499,Hombre
373,Gisela,Jimenez,torrentjosefa@example.com,Eso,Informatica,+34977 461 422,Hombre
374,Patricio,Ocaña,mcabeza@example.com,Eso,Ingenieria,+34 854840121,Hombre
375,Carlos,Vives,pascual44@example.org,Grado Superior,Ingenieria,+34 856797983,Hombre
376,Micaela,Plaza,canalesherminio@example.org,Bachillerato,Informatica,+34 920 37 74 90,Hombre
377,Charo,Martí,viniciotolosa@example.net,Grado,Informatica,+34 947 99 84 22,Hombre
378,Luz,Falcó,domingo41@example.net,Grado Superior,Letras,+34 847 41 62 89,Hombre
379,Carmina,Galván,maria-angelesiglesias@example.com,Grado Superior,Informatica,+34 921 60 83 67,Mujer
380,Diana,Teruel,quinteroleonor@example.org,Grado Medio,Letras,+34879 452 666,Hombre
381,Jovita,Borrego,luciacasado@example.net,Eso,Informatica,+34 800 383 597,Hombre
382,Palmira,Franch,marisa07@example.com,Bachillerato,Letras,+34725 81 42 64,Mujer
383,Sosimo,Nebot,renebarroso@example.com,Grado Medio,Informatica,+34 985 95 48 01,Mujer
384,Iris,Correa,epol@example.net,Grado Superior,Ingenieria,+34704784734,Hombre
385,Bruno,Nadal,dabril@example.net,Licenciatura,Informatica,+34923 12 40 49,Mujer
386,Mariano,Meléndez,wvilalta@example.org,Grado Medio,Letras,+34 878678322,Hombre
387,Moisés,Roig,sroyo@example.net,Grado Medio,Letras,+34872 027 444,Hombre
388,Ángel,Corominas,edgardocabrera@example.org,Bachillerato,Ingenieria,+34976 241 842,Mujer
389,Fidela,Oliver,conradobautista@example.com,Grado Superior,Letras,+34 803810581,Mujer
390,Guadalupe,Tovar,zacariasvilla@example.com,Licenciatura,Informatica,+34 841 24 23 39,Mujer
391,Alonso,Bernal,rodrigoespiridion@example.net,Grado,Informatica,+34973345819,Hombre
392,Elodia,Lorenzo,jcarnero@example.org,Grado Medio,Ingenieria,+34 900 48 84 32,Hombre
393,Adelina,Escamilla,xbayona@example.net,Grado Superior,Ingenieria,+34873 47 01 43,Hombre
394,Aitana,Pino,isaaviles@example.org,Grado Medio,Informatica,+34846 787 267,Hombre
395,Osvaldo,Mancebo,alvaroabraham@example.net,Máster,Informatica,+34942 754 758,Hombre
396,Eva,Vaquero,amadauria@example.com,Licenciatura,Ingenieria,+34927 893 433,Mujer
397,Julia,Hernando,rleiva@example.org,Eso,Letras,+34848 377 322,Hombre
398,Ibán,Cervantes,wroman@example.org,Máster,Ingenieria,+34 817612424,Hombre
399,Anselmo,Pol,carrillomaria-angeles@example.com,Grado Superior,Letras,+34 827 304 450,Mujer
400,Elisabet,Moraleda,jessicagaray@example.net,Eso,Informatica,+34 847 52 96 80,Mujer
401,Amarilis,Robles,pgargallo@example.com,Licenciatura,Letras,+34877894712,Mujer
402,Roxana,Báez,hguerra@example.com,Grado Superior,Letras,+34980 59 80 11,Hombre
403,Pelayo,Pera,ramisnazaret@example.com,Grado Superior,Informatica,+34 848 459 846,Mujer
404,Isidro,Olivares,villenamiguela@example.org,Grado,Informatica,+34826 289 091,Hombre
405,Berto,Bertrán,mayogisela@example.net,Eso,Ingenieria,+34980 14 12 85,Mujer
406,Chucho,Puerta,chitadiez@example.net,Licenciatura,Letras,+34848347674,Mujer
407,Poncio,Pozo,pazosandres-felipe@example.com,Licenciatura,Letras,+34732 25 62 68,Hombre
408,Mamen,Ramírez,zescobar@example.com,Licenciatura,Letras,+34 714112676,Mujer
409,Moisés,Franco,rsantana@example.org,Doctorado,Ingenieria,+34 984 07 89 20,Hombre
410,Amaro,Mesa,rosalia04@example.org,Licenciatura,Informatica,+34743 145 357,Hombre
411,Magdalena,Uriarte,gonzalo99@example.net,Bachillerato,Letras,+34974 76 10 19,Mujer
412,Aristides,Sierra,maximiano07@example.com,Eso,Ingenieria,+34 825008853,Hombre
413,Albano,López,morillomaria-carmen@example.org,Grado Superior,Ingenieria,+34885 691 695,Mujer
414,Felipe,Larrañaga,malenarivero@example.org,Máster,Informatica,+34874233497,Mujer
415,José Mari,Bru,calixtoblazquez@example.org,Doctorado,Letras,+34 701 415 524,Hombre
416,Noa,Collado,tamaragarcia@example.net,Grado,Letras,+34 987 598 688,Hombre
417,Isaías,Bellido,azaharaguado@example.com,Grado Medio,Ingenieria,+34944 786 842,Hombre
418,Anselmo,Solís,msarabia@example.net,Grado Superior,Letras,+34941 687 510,Mujer
419,Leonardo,Alemany,menendeznestor@example.net,Licenciatura,Informatica,+34 881 364 400,Mujer
420,Asunción,Aliaga,sanmartinvalerio@example.com,Máster,Ingenieria,+34 978 262 230,Mujer
421,Rufino,Gaya,adaninfante@example.net,Grado Medio,Informatica,+34745034596,Hombre
422,Julio,Gimenez,yaizairiarte@example.org,Grado,Informatica,+34878914561,Mujer
423,Aarón,Campoy,yago14@example.org,Eso,Informatica,+34873550734,Mujer
424,Godofredo,Téllez,ycalvo@example.com,Licenciatura,Ingenieria,+34 807 63 45 25,Hombre
425,Antonia,Rico,gisbertmauricio@example.net,Eso,Informatica,+34847 488 575,Hombre
426,Wilfredo,Mas,demetrio56@example.org,Eso,Letras,+34922941267,Hombre
427,Calixta,Landa,fberenguer@example.com,Grado Medio,Letras,+34842 433 679,Hombre
428,Micaela,Jódar,amanciopedraza@example.com,Máster,Informatica,+34 936 80 62 43,Mujer
429,Osvaldo,Larrea,kmoya@example.org,Bachillerato,Letras,+34724 42 99 77,Mujer
430,Graciela,Seco,selena69@example.net,Grado Superior,Ingenieria,+34 800393259,Hombre
431,Adrián,Moll,cacero@example.net,Grado Superior,Letras,+34 946215826,Mujer
432,Marcio,Baena,leonardomas@example.org,Bachillerato,Ingenieria,+34 868 21 32 89,Mujer
433,Victor Manuel,Mármol,albertomoises@example.org,Grado Medio,Informatica,+34881 360 662,Hombre
434,Maristela,Alcántara,genoveva18@example.com,Grado Superior,Informatica,+34871169847,Mujer
435,Calixto,Viana,valeriapardo@example.com,Grado,Letras,+34980580756,Hombre
436,Julieta,Macías,ortiznydia@example.net,Grado Superior,Letras,+34 872 452 215,Mujer
437,Berto,Conesa,abigail53@example.com,Grado,Letras,+34979 73 79 68,Mujer
438,Lucio,Almeida,noemi08@example.org,Máster,Informatica,+34 900 23 23 61,Mujer
439,Paz,Valverde,claudiablazquez@example.com,Grado,Ingenieria,+34901 224 484,Mujer
440,Itziar,Morell,salvadorcarla@example.org,Grado Superior,Letras,+34 944454353,Hombre
441,Amor,Rueda,edelmiro92@example.org,Grado Medio,Informatica,+34 946 251 535,Mujer
442,Martín,Tamarit,arocaabigail@example.com,Grado Superior,Ingenieria,+34900 48 87 06,Hombre
443,Águeda,Mata,victoria89@example.net,Grado Superior,Informatica,+34862 914 599,Hombre
444,Nacio,Perales,yescamilla@example.org,Grado Medio,Letras,+34 846942683,Mujer
445,Jose Antonio,Acedo,yanaya@example.org,Grado,Ingenieria,+34 886 438 894,Hombre
446,Sancho,Huertas,sanchezroberta@example.org,Máster,Letras,+34983 14 17 08,Hombre
447,Calixto,Menéndez,salvador71@example.com,Licenciatura,Informatica,+34874 276 355,Mujer
448,Marcela,Jover,consuelotellez@example.org,Máster,Informatica,+34 986 387 736,Hombre
449,Íngrid,Campillo,ferrandezcasemiro@example.com,Grado,Ingenieria,+34820080660,Mujer
450,Esmeralda,Morcillo,teresa80@example.com,Licenciatura,Informatica,+34876 390 128,Mujer
451,Rico,Ortega,consuelotena@example.net,Grado Medio,Informatica,+34922 899 031,Hombre
452,Cleto,Chaves,wperal@example.com,Grado Medio,Ingenieria,+34 981 81 75 59,Mujer
453,Ámbar,Arévalo,amandabriones@example.org,Grado Superior,Letras,+34 872176549,Hombre
454,Aníbal,Pizarro,pepitamarti@example.org,Doctorado,Informatica,+34 888499896,Hombre
455,Rosenda,Palacios,porterocloe@example.net,Máster,Letras,+34922 91 64 58,Mujer
456,Lope,Alcaraz,lluz@example.org,Máster,Informatica,+34974724410,Hombre
457,Rufina,Mateu,telmogimenez@example.com,Bachillerato,Letras,+34745 712 373,Mujer
458,Alicia,Uría,quintanaamando@example.com,Grado,Ingenieria,+34942 80 53 03,Hombre
459,María Carmen,Río,fabio27@example.org,Eso,Ingenieria,+34 926 119 839,Hombre
460,Anita,Olivares,rouraeligia@example.net,Eso,Letras,+34880055965,Hombre
461,Cándido,Bautista,vicentecarretero@example.com,Máster,Letras,+34 879295907,Hombre
462,Salud,Cerro,rosariocastello@example.com,Grado,Informatica,+34 800549330,Hombre
463,Aristides,Morell,sergioescobar@example.net,Eso,Informatica,+34 978 807 336,Hombre
464,Melisa,Díaz,patinoofelia@example.net,Bachillerato,Letras,+34821 503 275,Mujer
465,Luis,Sanjuan,xsabater@example.com,Grado Superior,Ingenieria,+34872 192 605,Mujer
466,Félix,Español,cgimenez@example.net,Grado Medio,Ingenieria,+34 858779193,Hombre
467,León,Sotelo,emmatejera@example.net,Doctorado,Letras,+34 730 885 717,Mujer
468,Samu,Zurita,umedina@example.net,Licenciatura,Ingenieria,+34807838846,Hombre
469,María Belén,Muro,marianodiego@example.net,Bachillerato,Informatica,+34702 550 204,Hombre
470,Flora,Dominguez,vizcainocelia@example.com,Grado,Informatica,+34883 73 90 67,Hombre
471,Leandro,Tomé,hescudero@example.org,Grado Medio,Informatica,+34 844 23 33 33,Hombre
472,Bartolomé,Rosell,jsierra@example.net,Licenciatura,Letras,+34 828 721 668,Hombre
473,Erasmo,Hoyos,hectorhuertas@example.org,Grado Medio,Ingenieria,+34821068998,Mujer
474,Anselma,Nadal,sierraana-belen@example.net,Grado Medio,Ingenieria,+34 944376352,Mujer
475,Norberto,Collado,enicolas@example.org,Máster,Informatica,+34 922391176,Hombre
476,Miguel Ángel,Pol,eduardoaguirre@example.com,Eso,Letras,+34 946 56 03 05,Mujer
477,Daniel,Echeverría,ariel71@example.org,Licenciatura,Letras,+34 883 43 02 77,Mujer
478,Jafet,Ballester,severopero@example.com,Grado Medio,Letras,+34 872594413,Mujer
479,Josefina,Moya,cuencaasdrubal@example.net,Doctorado,Letras,+34971 76 76 96,Mujer
480,Amparo,Garcia,leon72@example.net,Grado Medio,Letras,+34 982 02 88 18,Hombre
481,Maribel,Cepeda,piedad48@example.net,Licenciatura,Ingenieria,+34822698974,Mujer
482,Miriam,Donoso,renato05@example.org,Grado,Informatica,+34620 543 746,Mujer
483,José María,Cifuentes,fernandaasensio@example.net,Máster,Letras,+34 941 24 58 85,Mujer
484,Pastora,Haro,soniacabezas@example.net,Máster,Ingenieria,+34 986 735 439,Mujer
485,Pascuala,Plaza,xarco@example.net,Máster,Letras,+34974512540,Hombre
486,Conrado,Llopis,ibanezalmudena@example.com,Licenciatura,Informatica,+34 726 792 432,Mujer
487,Jose Carlos,Colom,angel88@example.org,Grado,Ingenieria,+34845178588,Hombre
488,Anacleto,Poza,molinerbaltasar@example.com,Máster,Ingenieria,+34926 792 931,Mujer
489,Constanza,Valcárcel,dorita92@example.com,Bachillerato,Letras,+34927 91 67 40,Hombre
490,Marcela,Cardona,dionisiapuente@example.org,Máster,Informatica,+34 877 247 621,Mujer
491,Fortunata,Castillo,ortizsigfrido@example.net,Bachillerato,Informatica,+34 926 233 455,Mujer
492,Etelvina,Beltrán,conradoquesada@example.net,Grado Superior,Informatica,+34 806 754 522,Hombre
493,Arsenio,Luna,bautista20@example.com,Grado,Ingenieria,+34986 164 823,Mujer
494,Esmeralda,Gallart,peiroguillermo@example.org,Grado Superior,Ingenieria,+34848192353,Mujer
495,Nadia,Ayuso,gharo@example.com,Grado,Letras,+34 882 08 49 96,Hombre
496,Amado,Batalla,moranteosvaldo@example.com,Eso,Letras,+34987 86 60 93,Hombre
497,Valerio,Milla,hpol@example.com,Máster,Letras,+34900 14 87 70,Hombre
498,Trinidad,Alegre,charo53@example.org,Grado Medio,Informatica,+34927072412,Mujer
499,Alba,Luís,zestevez@example.net,Máster,Informatica,+34985 05 65 64,Hombre
500,Atilio,Zapata,samuinfante@example.net,Grado Superior,Informatica,+34 746 593 080,Hombre
501,Amparo,Solano,vgarcia@example.org,Grado Superior,Informatica,+34842924592,Mujer
502,Manuela,Arroyo,esthercatalan@example.net,Máster,Informatica,+34 902547222,Hombre
503,Eusebia,Porcel,rnicolas@example.com,Grado Medio,Ingenieria,+34 946 837 823,Mujer
504,Ariel,Márquez,hernan24@example.com,Eso,Letras,+34 942469899,Mujer
505,Macaria,Lucena,coellocasemiro@example.org,Máster,Ingenieria,+34875 515 635,Mujer
506,Micaela,Mayol,jsanjuan@example.com,Licenciatura,Ingenieria,+34949 851 596,Hombre
507,Zaira,Pedrosa,roviraedgar@example.net,Doctorado,Ingenieria,+34 884 186 033,Mujer
508,Godofredo,Mariño,btamarit@example.com,Máster,Letras,+34822 856 725,Mujer
509,Juan Pablo,Ocaña,dorita08@example.net,Bachillerato,Informatica,+34877 94 19 68,Hombre
510,Delia,Tomé,evablanco@example.net,Grado Superior,Informatica,+34 884 033 256,Hombre
511,Regina,Ramis,smur@example.net,Licenciatura,Ingenieria,+34 880078688,Hombre
512,Rosalina,Paredes,farranz@example.net,Grado Superior,Letras,+34988 06 66 88,Mujer
513,Bautista,Barrera,maximo39@example.net,Grado Medio,Ingenieria,+34 871 502 024,Mujer
514,Pepito,Morell,sorayasanz@example.org,Bachillerato,Letras,+34846 821 668,Hombre
515,Heraclio,Pintor,carmelitacornejo@example.net,Grado Superior,Informatica,+34 883 50 81 97,Mujer
516,Gilberto,Palomo,abril58@example.net,Eso,Ingenieria,+34 884 727 312,Mujer
517,Manolo,Pozuelo,kesparza@example.org,Máster,Letras,+34824 24 04 16,Mujer
518,Esmeralda,Meléndez,africa36@example.net,Bachillerato,Ingenieria,+34922605565,Mujer
519,Angelita,Pla,fulgencionogues@example.org,Grado Medio,Informatica,+34 844 21 63 58,Hombre
520,Osvaldo,Gallego,guardiolajavier@example.org,Máster,Ingenieria,+34 928 41 12 70,Hombre
521,Dorita,Pallarès,felixferrera@example.net,Licenciatura,Letras,+34 885 18 30 66,Hombre
522,Gil,Ugarte,osvaldo48@example.org,Grado Medio,Ingenieria,+34947424496,Hombre
523,Graciana,Quintana,berenguerrafa@example.org,Grado Medio,Ingenieria,+34 820 194 188,Hombre
524,Remedios,Vega,glauco68@example.org,Grado Medio,Letras,+34 981642867,Hombre
525,Nayara,Arana,simonochoa@example.com,Grado,Informatica,+34 823 866 996,Mujer
526,Jenaro,Guillén,florentina75@example.org,Máster,Informatica,+34 882 807 485,Hombre
527,Javi,Ruiz,jangel@example.org,Eso,Letras,+34902483397,Mujer
528,Adriana,Chacón,antonioperez@example.org,Grado,Letras,+34 800510678,Hombre
529,Fabiana,Colomer,elenacrespo@example.net,Doctorado,Letras,+34823145401,Mujer
530,Olivia,Vilalta,reinacarlos@example.org,Doctorado,Informatica,+34885 489 627,Mujer
531,Brígida,Arjona,tcamino@example.com,Eso,Ingenieria,+34 976 79 30 26,Hombre
532,Aránzazu,Aliaga,velazquezeutimio@example.net,Doctorado,Informatica,+34986975820,Mujer
533,Plácido,Ferrera,nposada@example.net,Grado,Ingenieria,+34 945 432 241,Mujer
534,Iván,Rosa,clementenazaret@example.net,Doctorado,Letras,+34925 40 35 90,Hombre
535,Jordán,Nuñez,constanzaespanol@example.com,Bachillerato,Ingenieria,+34841 17 78 18,Hombre
536,Pastor,Zamorano,elviracaceres@example.net,Grado Medio,Informatica,+34873 54 64 24,Hombre
537,Gema,Buendía,santiago05@example.org,Licenciatura,Informatica,+34986 845 646,Mujer
538,Lupe,Caparrós,cuencacelso@example.net,Licenciatura,Letras,+34976 22 80 68,Mujer
539,Santiago,Esteban,rnieto@example.net,Máster,Letras,+34871179223,Mujer
540,Débora,Nebot,juan-francisco34@example.com,Grado,Informatica,+34972 19 64 24,Mujer
541,Selena,Machado,salcedomanu@example.net,Grado,Ingenieria,+34976 24 66 85,Mujer
542,Otilia,Guardia,cespedesevangelina@example.net,Grado Medio,Informatica,+34943 30 14 46,Hombre
543,Carmelita,Hierro,mercedesoliva@example.net,Doctorado,Letras,+34 971 26 87 64,Hombre
544,Estefanía,Jordán,ocanet@example.net,Eso,Informatica,+34978 036 644,Hombre
545,Silvia,Mas,maria-del-carmen25@example.net,Grado,Informatica,+34843 786 748,Mujer
546,Cloe,Blanca,alondra55@example.com,Eso,Letras,+34 845 880 057,Hombre
547,Melania,Hernandez,cirino55@example.com,Licenciatura,Informatica,+34 979632027,Mujer
548,Joel,Moreno,barbasantos@example.com,Grado,Ingenieria,+34883 05 75 52,Hombre
549,Carolina,Folch,anastasiorosado@example.com,Máster,Informatica,+34943721258,Hombre
550,Victorino,Tello,isidrovazquez@example.com,Grado Superior,Letras,+34979 66 83 98,Hombre
551,Ciriaco,Vilanova,nico71@example.org,Doctorado,Ingenieria,+34 902454134,Hombre
552,Sarita,Checa,duilio74@example.net,Doctorado,Ingenieria,+34875275377,Mujer
553,Domitila,Montero,toroemilio@example.org,Máster,Informatica,+34901865600,Hombre
554,Arturo,Conesa,plopez@example.net,Eso,Letras,+34844 42 48 49,Hombre
555,Florina,Gomis,yalberola@example.com,Licenciatura,Letras,+34875 13 92 43,Mujer
556,Melchor,Parra,celiaagusti@example.org,Grado,Informatica,+34871 37 00 81,Hombre
557,Valentina,Quintana,castroamada@example.com,Grado,Informatica,+34976 20 10 21,Mujer
558,Juliana,Hernando,desiderio25@example.org,Grado,Letras,+34841948302,Hombre
559,Hernando,Ricart,soladionisio@example.net,Bachillerato,Letras,+34 800 474 269,Hombre
560,María Fernanda,Pi,artigasperlita@example.net,Licenciatura,Ingenieria,+34977 250 489,Hombre
561,Jose,Cabrero,arcelia34@example.org,Doctorado,Ingenieria,+34885824721,Hombre
562,Simón,Blanca,rupertabarros@example.net,Grado,Letras,+34 886 964 749,Mujer
563,Ramón,Vázquez,yolanda06@example.com,Bachillerato,Ingenieria,+34 887 78 17 79,Mujer
564,Norberto,Rocha,graciaaller@example.net,Grado,Letras,+34 820 810 945,Hombre
565,Juanita,Puente,pintoberta@example.net,Licenciatura,Ingenieria,+34 927 53 26 81,Hombre
566,Nicolasa,Martin,crivas@example.org,Grado,Informatica,+34 973228115,Mujer
567,Baltasar,Sainz,bernalsebastian@example.org,Grado,Letras,+34975 12 57 05,Mujer
568,Josué,Pedrero,troig@example.com,Grado Medio,Informatica,+34877649166,Mujer
569,Gala,Cabrero,figuerolacandido@example.net,Bachillerato,Ingenieria,+34888221787,Hombre
570,Luciano,Requena,severino22@example.net,Doctorado,Ingenieria,+34871358632,Mujer
571,Teodoro,Bru,petronavila@example.org,Doctorado,Ingenieria,+34 947 786 026,Hombre
572,Samanta,Maza,yusteildefonso@example.com,Eso,Letras,+34915 778 817,Mujer
573,Felicidad,Talavera,isaiasgonzalez@example.org,Licenciatura,Letras,+34 941325638,Mujer
574,Camilo,Estevez,umolina@example.com,Bachillerato,Letras,+34 858263663,Hombre
575,Cayetana,Marcos,villarroberto@example.net,Grado Superior,Letras,+34 984287274,Hombre
576,Jafet,Gámez,primitivourena@example.com,Máster,Ingenieria,+34874 04 66 99,Mujer
577,Concepción,Gálvez,jsalcedo@example.org,Grado Superior,Letras,+34806 030 193,Hombre
578,Aurora,Reina,tejadapepe@example.org,Grado Superior,Letras,+34 886 485 492,Hombre
579,Artemio,Palmer,salomonbustamante@example.net,Máster,Ingenieria,+34 848018587,Mujer
580,Pacífica,Pazos,benitezjacinta@example.com,Grado Superior,Letras,+34911 73 02 62,Mujer
581,Sergio,Nuñez,marcioaller@example.com,Licenciatura,Informatica,+34878112733,Mujer
582,Nydia,Huerta,pepitoviana@example.com,Bachillerato,Ingenieria,+34 927734571,Hombre
583,Albino,Burgos,nicanorarellano@example.net,Grado Superior,Ingenieria,+34 983381269,Hombre
584,Noé,Cabanillas,fernandazaragoza@example.com,Doctorado,Informatica,+34 800 58 08 83,Hombre
585,Marino,Murcia,solanamanuelita@example.org,Doctorado,Informatica,+34 987 19 83 37,Mujer
586,Amada,Quintana,amaroestevez@example.com,Grado Medio,Letras,+34 841 38 32 33,Mujer
587,Inés,Mate,saturninocamps@example.com,Doctorado,Informatica,+34 820040507,Mujer
588,Trinidad,Castells,gertrudis63@example.com,Bachillerato,Informatica,+34 902 44 39 12,Hombre
589,Rafael,Busquets,lchaparro@example.net,Eso,Letras,+34741650966,Mujer
590,Luis,Cuéllar,almansaruben@example.net,Grado,Ingenieria,+34858581889,Hombre
591,Eliseo,Galiano,guerraariadna@example.org,Grado Superior,Letras,+34 746593851,Hombre
592,Pastor,Naranjo,kguillen@example.net,Grado Superior,Ingenieria,+34954 892 466,Mujer
593,Reyes,Manuel,olmoamerica@example.com,Doctorado,Ingenieria,+34849 881 617,Hombre
594,Pelayo,Cabanillas,frivera@example.org,Bachillerato,Letras,+34 838008288,Mujer
595,Melania,Escribano,sizaguirre@example.com,Grado Medio,Informatica,+34984187522,Mujer
596,Primitiva,Arenas,sigfridosaavedra@example.org,Máster,Informatica,+34 861 690 241,Mujer
597,Pastora,Castro,dsebastian@example.com,Grado,Ingenieria,+34986 52 11 73,Hombre
598,Darío,Ferreras,tgilabert@example.org,Licenciatura,Informatica,+34 966 297 940,Hombre
599,Benito,Montenegro,oliverrosa@example.com,Grado,Informatica,+34974 92 16 44,Hombre
600,Edu,Cardona,jose-carlosayala@example.net,Grado Superior,Ingenieria,+34 876137244,Mujer
601,Tomasa,Manrique,zcardona@example.org,Máster,Letras,+34 700 95 32 36,Mujer
602,Merche,Rozas,america69@example.net,Eso,Informatica,+34976100888,Hombre
603,Xavier,Lluch,valeriapeinado@example.net,Eso,Letras,+34 935 68 21 81,Hombre
604,Daniel,Torres,espanahaydee@example.net,Máster,Informatica,+34841192433,Hombre
605,Ale,Guillén,manu67@example.net,Grado,Letras,+34 948 961 309,Hombre
606,Ester,Osorio,sebastianblanca@example.net,Eso,Ingenieria,+34945214896,Hombre
607,Soledad,Heredia,juanitoarteaga@example.com,Grado Medio,Informatica,+34 803 04 37 92,Hombre
608,Marcio,Jerez,nsalvador@example.com,Eso,Ingenieria,+34 848 044 381,Hombre
609,Claudio,Botella,celestinobarroso@example.org,Bachillerato,Informatica,+34825 984 196,Mujer
610,Nieves,Daza,xhuertas@example.net,Grado,Letras,+34 972175854,Mujer
611,Amarilis,Naranjo,martagracia@example.net,Grado Medio,Informatica,+34826 21 89 97,Hombre
612,Victor Manuel,Saavedra,simon68@example.net,Doctorado,Letras,+34 879194216,Hombre
613,Adriana,Barranco,cabezasbegona@example.com,Doctorado,Ingenieria,+34 884 78 48 99,Hombre
614,Severo,Alcázar,oecheverria@example.net,Grado Medio,Informatica,+34876 658 762,Hombre
615,Olga,Manuel,conradoteruel@example.com,Grado,Informatica,+34823 29 17 71,Mujer
616,Santos,Heras,vidalbaez@example.net,Máster,Letras,+34923495952,Mujer
617,Édgar,Barceló,fidela99@example.org,Bachillerato,Ingenieria,+34983642989,Hombre
618,Claudio,Herranz,pacificamarti@example.com,Eso,Ingenieria,+34977525180,Mujer
619,Espiridión,Prada,mpaz@example.org,Grado,Ingenieria,+34974 217 414,Mujer
620,Felicidad,Santiago,mcarrera@example.org,Eso,Informatica,+34800 12 45 74,Mujer
621,Jenaro,Yuste,porfiriocepeda@example.net,Eso,Ingenieria,+34 737 01 72 30,Mujer
622,Ale,Cáceres,rosalina37@example.org,Máster,Letras,+34902 01 57 22,Hombre
623,Cornelio,Estrada,ibayon@example.com,Grado Medio,Letras,+34946277332,Hombre
624,Lázaro,Manjón,marciolobato@example.com,Grado,Ingenieria,+34 806 535 344,Hombre
625,Jose Manuel,Arévalo,sorayaquesada@example.net,Grado Medio,Letras,+34982294657,Mujer
626,Heliodoro,Gallardo,alfredopeiro@example.com,Máster,Letras,+34 827 32 08 03,Mujer
627,Concha,Pino,apalomo@example.org,Eso,Informatica,+34 849 52 64 53,Hombre
628,Plinio,Llamas,bruno91@example.net,Grado Medio,Ingenieria,+34 827 42 39 93,Hombre
629,Silvestre,Coca,joan07@example.com,Licenciatura,Ingenieria,+34739748933,Hombre
630,Irma,Becerra,romeucalisto@example.net,Eso,Ingenieria,+34910306663,Mujer
631,Manola,Garcés,rodrigo90@example.net,Bachillerato,Ingenieria,+34 947363662,Mujer
632,Chema,Ferreras,dmadrid@example.org,Máster,Ingenieria,+34 849670183,Mujer
633,Anselmo,Iborra,edu01@example.net,Bachillerato,Ingenieria,+34980 09 74 76,Mujer
634,Andrés,Vazquez,rsarabia@example.com,Bachillerato,Ingenieria,+34 871 039 869,Mujer
635,Etelvina,Fernandez,ruperto38@example.org,Eso,Letras,+34 739 95 17 59,Hombre
636,Ruperta,Carvajal,rene58@example.com,Máster,Letras,+34 845 40 42 51,Hombre
637,Gabriel,Moraleda,jimenezmelisa@example.org,Eso,Informatica,+34876 41 54 67,Hombre
638,José Antonio,Hernando,benaventraul@example.com,Grado Medio,Informatica,+34900 570 655,Hombre
639,Consuela,Núñez,calvetariel@example.org,Grado Superior,Informatica,+34 921 73 36 42,Hombre
640,Juan Francisco,Beltrán,svalenzuela@example.com,Máster,Ingenieria,+34 935 600 722,Hombre
641,Candelaria,Murcia,trinidadmontana@example.com,Eso,Letras,+34941 323 119,Mujer
642,Josefina,Valbuena,gabinovelazquez@example.com,Eso,Letras,+34 984 366 184,Mujer
643,Xiomara,Solís,consuelapera@example.org,Bachillerato,Informatica,+34875 053 946,Mujer
644,Fortunato,Serra,bprats@example.net,Grado Medio,Ingenieria,+34 859 749 550,Mujer
645,Vera,Valbuena,geraldoamigo@example.org,Doctorado,Letras,+34942 46 23 82,Mujer
646,Amor,Garcia,cocagoyo@example.org,Grado,Ingenieria,+34822968715,Mujer
647,Cayetano,Alvarado,vinacarlota@example.com,Bachillerato,Ingenieria,+34 941 66 50 83,Mujer
649,Flavia,Reyes,olgaalberola@example.org,Grado Medio,Ingenieria,+34876 698 824,Hombre
650,Rosaura,Almagro,pradograciano@example.org,Doctorado,Ingenieria,+34982 367 059,Mujer
651,Gertrudis,Tejada,ramisdemetrio@example.com,Eso,Letras,+34 869 421 747,Mujer
652,Remigio,Arco,xiomarabaquero@example.org,Grado Medio,Ingenieria,+34943534372,Mujer
653,Bienvenida,Cuéllar,carneroangelica@example.net,Grado Medio,Informatica,+34 886 39 22 98,Hombre
654,Norberto,Barrio,barbara91@example.net,Grado,Letras,+34858 68 17 75,Hombre
655,Selena,Aparicio,ybernal@example.net,Grado,Ingenieria,+34 981 011 575,Mujer
656,Natalia,Botella,samuelbarrera@example.com,Máster,Informatica,+34947171181,Mujer
657,Raúl,Cifuentes,cocainocencio@example.com,Licenciatura,Ingenieria,+34874 18 67 64,Hombre
658,Joel,Daza,maria-teresacanellas@example.com,Máster,Informatica,+34 885 22 51 55,Mujer
659,Plinio,Abascal,chita96@example.com,Grado Superior,Ingenieria,+34942003132,Hombre
660,Aureliano,García,castellanoscristian@example.com,Eso,Letras,+34 877624273,Mujer
661,Edgardo,Villalba,velezesteban@example.com,Máster,Informatica,+34822671985,Mujer
662,Magdalena,Carrión,adeliamoles@example.com,Máster,Ingenieria,+34814 206 627,Hombre
664,Vilma,Alberola,carmelita27@example.net,Eso,Letras,+34 944 22 64 87,Mujer
665,Salomón,Palomares,judith63@example.net,Doctorado,Ingenieria,+34848797057,Mujer
666,Aristides,Sales,norberto03@example.com,Eso,Ingenieria,+34 822 917 793,Hombre
667,Fortunata,Piquer,celsoabad@example.com,Bachillerato,Informatica,+34 982 621 470,Hombre
668,Wálter,Vázquez,jose-maricarbonell@example.net,Eso,Letras,+34 902238695,Hombre
669,Valentina,Abellán,odalisballesteros@example.net,Licenciatura,Ingenieria,+34 988 028 814,Hombre
670,Leticia,Pellicer,pinaagustina@example.net,Máster,Informatica,+34 912 52 01 86,Mujer
671,Jorge,Ribes,elena04@example.org,Grado,Informatica,+34 823 26 54 57,Mujer
672,Lilia,Julián,maria-angeles05@example.com,Grado Medio,Letras,+34807697115,Mujer
673,Alfonso,Giralt,vazquezazeneth@example.net,Máster,Letras,+34982656294,Hombre
674,Macarena,Paz,quiquerodriguez@example.com,Grado,Informatica,+34 987076109,Mujer
675,Soraya,Pintor,eluis@example.org,Grado Medio,Ingenieria,+34 922 757 184,Mujer
676,Eleuterio,Mayoral,elpidio47@example.org,Licenciatura,Ingenieria,+34902 55 18 99,Hombre
677,Perla,Dueñas,gjove@example.org,Grado Medio,Informatica,+34979 09 18 10,Mujer
678,Feliciano,Blanco,candido61@example.org,Máster,Informatica,+34 975 46 39 63,Mujer
679,Camilo,Abellán,maribelnarvaez@example.net,Grado Medio,Informatica,+34749882438,Mujer
680,Joaquina,Giménez,mireia93@example.net,Máster,Ingenieria,+34 984073100,Hombre
682,José Mari,Coca,wdominguez@example.org,Grado Superior,Informatica,+34 872138657,Mujer
683,Edgardo,Torrijos,porrasdelia@example.org,Doctorado,Letras,+34 876 20 33 71,Mujer
684,Alfonso,Fuentes,mplaza@example.com,Grado,Ingenieria,+34 826 70 11 60,Mujer
685,Adolfo,Morera,galoacosta@example.com,Grado Medio,Ingenieria,+34 972 44 54 19,Hombre
686,Jennifer,Berrocal,bruno39@example.com,Grado Medio,Ingenieria,+34863416679,Mujer
687,Ruperto,Mayoral,carloscleto@example.net,Grado,Letras,+34987 71 13 60,Hombre
688,Araceli,Pereira,purena@example.com,Licenciatura,Ingenieria,+34 806126833,Hombre
689,Apolonia,Baquero,bermejosancho@example.com,Licenciatura,Letras,+34 948872973,Mujer
690,Jesusa,Vaquero,xfeliu@example.org,Grado,Informatica,+34921 391 376,Hombre
691,Bernardita,Torre,felicidad92@example.net,Grado Medio,Ingenieria,+34983 698 643,Mujer
692,Celestina,Pedrosa,valeria17@example.net,Grado,Informatica,+34 901 28 13 57,Mujer
693,Brunilda,Dalmau,etelvinapintor@example.com,Eso,Ingenieria,+34920581879,Hombre
694,Rita,Palacios,edelmirocoll@example.net,Doctorado,Letras,+34971078911,Hombre
695,Blanca,Galan,teo55@example.org,Grado,Letras,+34987 478 040,Mujer
696,Eligia,Duran,bernardita77@example.com,Grado Superior,Ingenieria,+34844 83 72 98,Hombre
697,Iris,Pallarès,gaston72@example.net,Eso,Ingenieria,+34873 162 025,Mujer
698,Dora,Lladó,efrainpardo@example.com,Eso,Ingenieria,+34 747 876 746,Hombre
699,Berto,Domingo,scarbo@example.com,Eso,Informatica,+34 928 146 132,Mujer
700,Regina,Benavent,posadajuliana@example.com,Grado,Informatica,+34922 886 732,Mujer
701,Custodio,Valle,sfabra@example.com,Doctorado,Letras,+34 826430679,Mujer
702,Ezequiel,Bustos,andres-felipe49@example.com,Máster,Letras,+34828 88 27 85,Mujer
703,Rosalva,Giner,isidoro81@example.com,Grado Superior,Ingenieria,+34977 12 71 72,Hombre
704,Francisco Jose,Campoy,arribaslazaro@example.net,Eso,Letras,+34843 08 97 62,Mujer
705,María,Aguilar,calisto82@example.org,Máster,Informatica,+34 874 96 16 63,Mujer
706,Belen,Criado,quintanillatoribio@example.com,Grado,Ingenieria,+34853927028,Hombre
707,Moreno,Calvet,azahar86@example.org,Grado Medio,Ingenieria,+34 824961734,Hombre
708,Felix,Navarro,fabianarius@example.net,Doctorado,Informatica,+34988129404,Hombre
709,Mateo,Robles,sorayamenendez@example.org,Bachillerato,Ingenieria,+34924142422,Hombre
710,Teo,Mariño,luchoayllon@example.net,Licenciatura,Letras,+34 822783704,Hombre
711,Azucena,Villalba,ptoledo@example.com,Grado,Letras,+34 871537136,Mujer
712,Reyes,Bonet,cabanasluciano@example.net,Grado,Informatica,+34 885514553,Hombre
713,José Manuel,Abascal,eligioamo@example.net,Eso,Letras,+34 881705443,Mujer
714,Josué,Becerra,pbatlle@example.com,Grado Superior,Letras,+34901 125 150,Hombre
715,Rufino,Sáez,wmartinez@example.com,Grado Superior,Ingenieria,+34846 090 570,Hombre
716,Máxima,Galiano,fiolsalvador@example.org,Eso,Ingenieria,+34841 50 79 76,Hombre
717,Inés,Diaz,elvira61@example.org,Licenciatura,Informatica,+34 981895364,Hombre
718,Rosa,Pozo,dizquierdo@example.org,Grado,Ingenieria,+34 882 16 93 53,Mujer
719,Olimpia,Falcó,erivas@example.com,Eso,Ingenieria,+34 925934078,Mujer
720,Alicia,Bermejo,iposada@example.org,Eso,Ingenieria,+34956 614 762,Hombre
721,Marianela,Murillo,barbarablazquez@example.com,Eso,Informatica,+34977 59 32 60,Mujer
722,Valentina,Castellanos,estefania87@example.org,Grado Superior,Informatica,+34 724 76 30 37,Mujer
723,Dionisia,Azorin,angelespina@example.net,Grado,Letras,+34 923 905 587,Mujer
724,Felipa,Barriga,albacal@example.org,Eso,Ingenieria,+34800 883 539,Hombre
725,Gisela,Valera,lola75@example.com,Licenciatura,Informatica,+34 948 429 042,Hombre
726,Máximo,Quintero,mpinto@example.org,Doctorado,Informatica,+34 848 49 00 89,Hombre
727,Serafina,Solé,vegabaldomero@example.org,Grado,Ingenieria,+34 826 87 95 37,Mujer
728,Florencia,Barceló,jbayon@example.com,Máster,Ingenieria,+34847 873 039,Mujer
729,Juan José,Méndez,primitivaarteaga@example.com,Grado Medio,Ingenieria,+34928963255,Hombre
730,Lourdes,Lledó,castrorosalia@example.net,Grado Superior,Ingenieria,+34926 49 76 12,Mujer
731,Cándida,Girón,tberrocal@example.org,Grado Superior,Ingenieria,+34928 66 13 33,Hombre
732,Claudia,Pascual,verdugocipriano@example.net,Grado Superior,Ingenieria,+34 974 842 245,Hombre
733,Ciríaco,Quiroga,vilaltaadriana@example.net,Grado Medio,Letras,+34 875 678 147,Mujer
734,Alfonso,Cabrera,naranjocelestina@example.org,Doctorado,Informatica,+34 884 092 104,Hombre
735,Marcela,Montesinos,germanbenavides@example.com,Grado Superior,Ingenieria,+34 982 62 26 84,Hombre
736,Ovidio,Flor,kbuendia@example.net,Doctorado,Letras,+34 887 62 93 10,Mujer
737,Otilia,Olivares,fernanda05@example.org,Eso,Informatica,+34 819 948 190,Mujer
738,Régulo,Aragonés,wperea@example.com,Máster,Letras,+34 811628547,Mujer
739,Sandalio,Girona,conesaagapito@example.org,Doctorado,Informatica,+34 881204544,Hombre
740,Elisa,Morillo,emilianodelgado@example.org,Licenciatura,Ingenieria,+34 921 249 834,Hombre
741,Fermín,Hernández,julio-cesar19@example.com,Grado,Ingenieria,+34 925 21 69 85,Hombre
742,Yago,Martin,flaviaalcantara@example.com,Grado Medio,Letras,+34981 58 31 83,Hombre
743,Alex,Seco,rosaliarodenas@example.org,Bachillerato,Ingenieria,+34 974 06 73 33,Mujer
744,Tiburcio,Ferreras,evelia93@example.com,Máster,Ingenieria,+34845 84 09 77,Mujer
745,Brunilda,Aramburu,candida18@example.com,Bachillerato,Informatica,+34843 219 895,Mujer
746,Joan,Osuna,susana28@example.org,Grado Medio,Ingenieria,+34 876572766,Mujer
747,Cayetano,Sevillano,godofredo83@example.net,Eso,Informatica,+34943 713 795,Mujer
748,Blanca,Alcalde,paola39@example.org,Grado Superior,Ingenieria,+34 928 76 82 01,Hombre
749,Aura,Alcaraz,adora13@example.net,Grado Medio,Letras,+34924 644 364,Hombre
750,Kike,Riquelme,leonardo22@example.com,Eso,Ingenieria,+34823626811,Mujer
751,Cesar,Agullo,andresolmedo@example.com,Grado Superior,Informatica,+34803 433 338,Hombre
752,Abigaíl,Osorio,andressonia@example.org,Grado,Ingenieria,+34 927 08 81 02,Hombre
753,Soledad,Cervera,kestevez@example.net,Eso,Letras,+34878 59 41 29,Hombre
754,Manola,Barco,rafaela39@example.org,Eso,Ingenieria,+34 924998712,Hombre
755,Herminio,Naranjo,mirallessalome@example.net,Máster,Informatica,+34847444627,Mujer
756,Ángela,Granados,salomoncasanova@example.org,Doctorado,Letras,+34 902 66 44 96,Mujer
757,Agapito,Losa,lagunaingrid@example.org,Grado,Letras,+34 836 586 556,Hombre
758,Miguel Ángel,Pina,eutimio65@example.net,Grado,Informatica,+34973 48 69 39,Hombre
759,Edgardo,Maldonado,dlasa@example.org,Grado,Letras,+34987741584,Hombre
760,Luisina,Roma,amaro00@example.com,Grado,Letras,+34980299632,Hombre
761,Miguela,Font,yago14@example.com,Máster,Informatica,+34848 99 08 49,Hombre
762,María Carmen,Tudela,leandro13@example.com,Grado,Informatica,+34912249537,Mujer
763,Mónica,Torrent,falconlucho@example.net,Eso,Ingenieria,+34883 137 660,Hombre
764,Isa,Bayo,pazosema@example.com,Grado Superior,Letras,+34 824 798 165,Mujer
765,Ramona,Pol,cobosgala@example.com,Doctorado,Letras,+34 925 44 35 80,Mujer
766,Moisés,Tamayo,soraya33@example.org,Doctorado,Letras,+34 873 52 62 14,Mujer
767,Graciano,Tejada,sanmartinjose@example.org,Doctorado,Letras,+34971 887 563,Mujer
768,Delia,Menendez,avillalba@example.org,Bachillerato,Ingenieria,+34 944 838 304,Mujer
769,Rita,Muro,qgaray@example.net,Licenciatura,Letras,+34633 976 507,Mujer
770,Enrique,Pallarès,qmartorell@example.org,Máster,Ingenieria,+34942 130 230,Mujer
771,Nazario,Ribas,galvezfederico@example.org,Eso,Informatica,+34 915 83 61 31,Mujer
772,Francisco Javier,Quero,galollanos@example.net,Doctorado,Informatica,+34 921586200,Hombre
773,Hipólito,Salas,manuel56@example.com,Grado Superior,Informatica,+34 948 626 332,Hombre
774,Mateo,Cisneros,qllopis@example.net,Doctorado,Informatica,+34884 90 04 00,Hombre
775,Belen,Acuña,maria-teresaporras@example.net,Grado,Ingenieria,+34886 524 320,Hombre
776,José Antonio,Sanmiguel,trinidad43@example.com,Licenciatura,Ingenieria,+34 701 35 50 36,Mujer
777,Victoria,Rios,apolinarpujol@example.net,Licenciatura,Informatica,+34 877 19 00 49,Hombre
778,Maura,Amat,berrocalgala@example.net,Bachillerato,Letras,+34 973 501 864,Mujer
779,Martín,Guardiola,gilbertobernat@example.org,Grado,Ingenieria,+34 841853553,Hombre
780,Clotilde,Ocaña,diegofelisa@example.net,Doctorado,Ingenieria,+34941 059 706,Hombre
781,Lisandro,Fuertes,dbello@example.org,Grado Superior,Ingenieria,+34 981 38 39 20,Hombre
782,Inmaculada,Lucas,nadiaferrandiz@example.net,Doctorado,Letras,+34 877061102,Mujer
784,Tiburcio,Falcó,tbernat@example.com,Licenciatura,Letras,+34949 21 12 48,Mujer
785,Marianela,Escamilla,casalssusanita@example.com,Doctorado,Ingenieria,+34 973 766 872,Mujer
786,Maristela,Lumbreras,arturoclemente@example.com,Licenciatura,Letras,+34981 70 70 29,Hombre
788,Celia,Lloret,jose-antonioanton@example.net,Grado Medio,Ingenieria,+34971 077 814,Hombre
789,Ileana,Iglesia,emaochoa@example.net,Grado Superior,Ingenieria,+34 742 15 67 82,Mujer
790,Jennifer,Moya,cirino53@example.net,Licenciatura,Informatica,+34 877 220 288,Hombre
791,Marina,Franch,mariano81@example.org,Grado Medio,Letras,+34 728 39 28 20,Hombre
792,Ana Belén,Gonzalez,andresjosue@example.com,Eso,Letras,+34 815092049,Hombre
793,Haroldo,Quevedo,xmartin@example.com,Grado Superior,Informatica,+34886 46 85 46,Mujer
794,Loreto,Barrio,brigida86@example.org,Eso,Informatica,+34 888460937,Hombre
795,Graciela,Gilabert,florjose-antonio@example.com,Grado Medio,Informatica,+34887592398,Mujer
796,Donato,Bosch,alcarazdorotea@example.net,Licenciatura,Informatica,+34653338705,Hombre
797,Eulalia,Chaparro,criadolucio@example.org,Grado Medio,Letras,+34879 19 48 15,Mujer
798,Yéssica,Garrido,custodio79@example.com,Doctorado,Ingenieria,+34803 073 109,Hombre
799,Marciano,Cañellas,mjuarez@example.org,Máster,Informatica,+34 943649096,Hombre
800,Julio César,Dalmau,gerardobriones@example.net,Máster,Informatica,+34 872 59 17 13,Mujer
801,Antonia,Duque,hpla@example.org,Máster,Informatica,+34 806 255 131,Hombre
802,Trinidad,Sevilla,rlozano@example.net,Máster,Ingenieria,+34 824 492 334,Hombre
803,Pepe,Maestre,emperatriz70@example.org,Licenciatura,Informatica,+34 825 075 121,Hombre
804,Felix,Castro,reginaluz@example.com,Licenciatura,Ingenieria,+34877 08 61 91,Mujer
805,Bernardo,Aguilar,isabel82@example.net,Bachillerato,Informatica,+34 844817465,Mujer
806,Azahara,Gabaldón,rtorre@example.com,Grado,Letras,+34 822076051,Hombre
807,Poncio,Murcia,wtena@example.net,Eso,Letras,+34821 022 118,Mujer
808,Iris,Araujo,sanmiguelofelia@example.org,Máster,Ingenieria,+34 949 18 00 19,Mujer
809,Lázaro,Carbonell,wlorenzo@example.org,Máster,Letras,+34946 50 95 04,Hombre
810,Felipa,Cervera,ildefonsopedrero@example.org,Máster,Informatica,+34 942 154 716,Hombre
811,Lino,Rosell,shuguet@example.net,Grado Superior,Ingenieria,+34854210217,Hombre
812,Encarnita,Alfaro,galindoedu@example.com,Eso,Letras,+34 886 618 672,Mujer
813,Íñigo,Salazar,dimas90@example.com,Grado Medio,Ingenieria,+34877 575 287,Mujer
815,Guiomar,Calvet,gonzaloverdugo@example.net,Grado Superior,Ingenieria,+34 976373115,Mujer
816,Fernanda,Roura,angelinafalcon@example.net,Licenciatura,Informatica,+34901 277 458,Mujer
817,Gracia,Porcel,mgonzalo@example.com,Grado,Informatica,+34984 878 638,Hombre
818,Cornelio,Vicente,romeutoni@example.net,Grado Medio,Ingenieria,+34949 60 82 05,Hombre
819,Teófilo,Bermejo,lorenzacuesta@example.net,Bachillerato,Ingenieria,+34872 46 19 93,Hombre
820,Trini,Arcos,paola94@example.org,Doctorado,Letras,+34849 87 20 11,Hombre
821,Charo,Girón,ema61@example.org,Grado,Letras,+34 981122520,Mujer
822,Pascuala,Galiano,vilanovaamando@example.org,Bachillerato,Ingenieria,+34947690585,Hombre
823,Sandra,Vigil,teobaldo05@example.com,Grado Superior,Letras,+34 942 259 008,Hombre
824,Nydia,Noriega,paz08@example.net,Grado Medio,Ingenieria,+34901163800,Hombre
825,Inmaculada,Ribas,matilde70@example.org,Eso,Ingenieria,+34 900 157 192,Hombre
826,Zaida,Leal,valeranieves@example.net,Grado,Ingenieria,+34874 78 24 43,Hombre
827,Sosimo,Bou,condeangelina@example.net,Máster,Ingenieria,+34 827081849,Hombre
828,Jesusa,Porras,castrorene@example.org,Doctorado,Informatica,+34 877 051 900,Mujer
829,Eliseo,Solís,espanolamor@example.org,Bachillerato,Ingenieria,+34979382058,Hombre
830,Porfirio,Salazar,amigonoemi@example.org,Bachillerato,Ingenieria,+34987 19 76 32,Hombre
831,Javier,Avilés,mcazorla@example.org,Grado Superior,Ingenieria,+34 875562514,Hombre
832,Domitila,Rebollo,expositomarino@example.org,Doctorado,Ingenieria,+34 872 175 514,Hombre
833,Narciso,Osuna,dario95@example.net,Máster,Informatica,+34984 062 725,Mujer
834,Gaspar,Borrás,piedadcarrion@example.com,Doctorado,Informatica,+34900 425 555,Mujer
835,Cebrián,Laguna,yquintana@example.net,Grado,Ingenieria,+34842 26 97 54,Hombre
836,Eligia,Piñeiro,lilianaserra@example.net,Grado Medio,Letras,+34 878 443 423,Mujer
837,Lucas,Sanmartín,rodenasleocadio@example.org,Grado,Informatica,+34842646039,Mujer
838,Anita,Oliver,domitilapages@example.net,Máster,Informatica,+34 841686226,Mujer
839,Pacífica,Bayón,epifanio91@example.com,Máster,Letras,+34 983 160 238,Mujer
840,Marisa,Baena,ejodar@example.org,Doctorado,Letras,+34826 642 204,Hombre
841,Chus,Pi,qpascual@example.org,Grado Superior,Letras,+34900 07 75 00,Mujer
842,Román,Gutiérrez,callejasimon@example.net,Bachillerato,Ingenieria,+34971 651 302,Hombre
843,Salud,Malo,mohamedlobo@example.com,Eso,Ingenieria,+34 848 392 756,Hombre
844,Gabriel,Rosales,bbou@example.com,Máster,Letras,+34 926 277 268,Hombre
845,Francisca,Criado,modesta34@example.com,Eso,Informatica,+34876795550,Hombre
846,Lope,Carreño,duilio98@example.com,Doctorado,Letras,+34877 21 64 98,Hombre
847,Abril,Torrijos,vcampoy@example.com,Eso,Letras,+34821 494 487,Hombre
848,Juan Carlos,Samper,xroyo@example.org,Grado,Informatica,+34973 200 509,Mujer
849,Seve,Bello,alfredovarela@example.net,Máster,Informatica,+34 988627086,Hombre
850,Evita,Simó,iheras@example.net,Máster,Informatica,+34924 558 607,Mujer
851,Bernarda,Santiago,tristanvalle@example.org,Bachillerato,Ingenieria,+34 842 15 62 55,Mujer
852,Ariel,Antúnez,oguillen@example.net,Licenciatura,Letras,+34 887 922 232,Mujer
853,María Teresa,Conde,carmelavillar@example.net,Eso,Letras,+34823 16 78 81,Mujer
854,Carolina,Plana,joveinmaculada@example.net,Grado Superior,Informatica,+34946 99 19 61,Mujer
855,Ainara,Garcia,arodriguez@example.com,Grado,Ingenieria,+34 920 53 32 42,Mujer
856,Gerónimo,Martorell,leire12@example.com,Grado Superior,Informatica,+34 942 127 404,Hombre
857,Georgina,Armas,maciasclarisa@example.com,Licenciatura,Ingenieria,+34807 28 06 64,Hombre
858,Tamara,Blázquez,amoriniesta@example.net,Grado Medio,Ingenieria,+34 882 616 109,Hombre
859,Ovidio,Hurtado,ritaverdu@example.com,Máster,Ingenieria,+34 983 83 95 11,Mujer
860,Charo,Cabezas,tmiguel@example.net,Doctorado,Informatica,+34886 86 82 94,Mujer
861,Mónica,Alsina,sgrau@example.net,Máster,Informatica,+34 826826417,Mujer
862,María Cristina,Monreal,quiquesosa@example.org,Grado Medio,Ingenieria,+34984723339,Hombre
863,Calisto,Villalba,jordana42@example.com,Grado Superior,Ingenieria,+34987 86 24 92,Hombre
864,Octavio,Quesada,kikevigil@example.org,Eso,Informatica,+34 843 959 488,Mujer
865,Jose Antonio,Jordán,eexposito@example.net,Grado Medio,Ingenieria,+34 985 70 18 57,Hombre
866,Anunciación,Aguiló,ferminbarbera@example.com,Doctorado,Letras,+34919 24 68 16,Hombre
867,Bruno,Maldonado,sandrarebollo@example.com,Grado Medio,Letras,+34871 17 60 36,Hombre
868,Ana Sofía,Navarro,baudelio05@example.com,Licenciatura,Ingenieria,+34849243738,Hombre
869,Lisandro,Jáuregui,nflor@example.com,Grado Superior,Letras,+34 921855516,Mujer
870,Silvio,Escribano,pepeteruel@example.com,Bachillerato,Informatica,+34 844 492 095,Hombre
871,Maura,Toro,cocamarisela@example.com,Grado Superior,Letras,+34849 94 28 45,Mujer
872,Nuria,Alegria,odalissalas@example.com,Grado Medio,Letras,+34 972 728 292,Mujer
873,Rodrigo,Iglesias,ymateos@example.net,Bachillerato,Ingenieria,+34976 95 73 77,Mujer
874,Isaura,Zabaleta,alvaradosigfrido@example.org,Grado Superior,Ingenieria,+34687 26 86 92,Hombre
876,Paola,Huguet,chigueras@example.org,Licenciatura,Ingenieria,+34885 66 22 58,Mujer
877,Estela,Cuevas,emigdio16@example.net,Licenciatura,Informatica,+34 924239588,Mujer
878,Candelario,González,sergiocerezo@example.com,Doctorado,Letras,+34873204074,Hombre
879,Saturnina,Haro,candida32@example.org,Doctorado,Informatica,+34825 51 00 75,Hombre
880,Evelia,Morcillo,yaizaarnal@example.net,Grado Superior,Letras,+34 987 23 74 17,Hombre
881,Encarna,Montoya,aortiz@example.com,Eso,Informatica,+34821 846 532,Mujer
882,Adela,Ramis,borrasalbino@example.net,Bachillerato,Letras,+34 882 44 37 14,Mujer
883,Purificación,Tormo,herminioandreu@example.net,Máster,Ingenieria,+34 878 182 302,Mujer
884,Arsenio,Pablo,vazquezmacario@example.org,Bachillerato,Informatica,+34 871 15 63 87,Mujer
885,Nico,Niño,isidromata@example.com,Máster,Informatica,+34969167713,Hombre
886,Fabiana,Plana,nico46@example.org,Máster,Ingenieria,+34967 846 098,Mujer
887,Serafina,Mora,ignacio28@example.net,Licenciatura,Informatica,+34 912 61 98 48,Hombre
888,Aroa,Lasa,expositoasuncion@example.com,Grado Superior,Ingenieria,+34 926 90 02 10,Mujer
889,Ruy,Alberto,oaragones@example.net,Doctorado,Ingenieria,+34972 77 00 75,Hombre
890,Albano,Salinas,euria@example.com,Doctorado,Letras,+34 825 929 893,Hombre
891,Juan Carlos,Espinosa,hidalgoandres@example.org,Grado Medio,Letras,+34 877 182 916,Hombre
892,Nicodemo,Escobar,jacobo22@example.net,Licenciatura,Ingenieria,+34979 79 80 36,Mujer
893,Esmeralda,Rivas,alejandraesteban@example.com,Eso,Ingenieria,+34960 496 581,Mujer
894,Juliana,Sales,albanomarmol@example.com,Doctorado,Informatica,+34 887138604,Hombre
895,Íñigo,Díaz,etelvina79@example.org,Grado Medio,Informatica,+34 842 464 649,Hombre
896,Jose,Sedano,eva-maria37@example.com,Grado Superior,Informatica,+34806 632 878,Mujer
897,Melisa,Antúnez,calista62@example.net,Grado Superior,Letras,+34925 72 01 67,Hombre
898,Vinicio,Romero,julieta82@example.net,Grado Superior,Ingenieria,+34844 41 33 64,Mujer
899,Matilde,Bernal,ymaldonado@example.org,Grado,Ingenieria,+34 820065012,Mujer
900,Chema,Castro,anguitatomasa@example.org,Máster,Letras,+34 979006804,Hombre
901,María Teresa,Santamaría,friassilvia@example.com,Eso,Letras,+34719 70 65 34,Hombre
902,Jose Carlos,Crespo,texposito@example.com,Grado,Informatica,+34 887359945,Hombre
903,Mercedes,Mariscal,caballerojennifer@example.net,Grado Medio,Informatica,+34815 64 21 69,Hombre
904,Daniel,Guzman,mireiaolmedo@example.net,Licenciatura,Ingenieria,+34 988 111 194,Hombre
905,Albert,Alemany,angelica77@example.net,Bachillerato,Letras,+34 948 60 12 63,Hombre
906,Gaspar,Prat,xandres@example.org,Grado Medio,Ingenieria,+34 955 233 017,Hombre
907,Esteban,Cabezas,bienvenida07@example.com,Doctorado,Informatica,+34927 794 473,Hombre
908,Chema,Oliveras,valentinvalbuena@example.net,Bachillerato,Letras,+34983 042 506,Mujer
909,Belén,Hernando,trujillonatalia@example.org,Doctorado,Letras,+34 980 727 667,Hombre
910,Ariel,Salgado,haydee26@example.com,Licenciatura,Informatica,+34 902 829 103,Hombre
911,Luis Ángel,Gomis,gerardopalmer@example.com,Licenciatura,Informatica,+34 945104567,Hombre
912,Ovidio,Baños,kmontoya@example.net,Bachillerato,Letras,+34 828177916,Hombre
913,Marino,Mancebo,aesparza@example.org,Eso,Informatica,+34984 318 793,Hombre
914,Evelia,Jordá,simonmiralles@example.org,Grado,Letras,+34926 56 48 75,Hombre
915,Jacobo,Ariño,fortunatofernandez@example.net,Máster,Letras,+34949366675,Mujer
916,Celia,Vega,jtejero@example.com,Grado,Letras,+34877239179,Mujer
917,Jessica,Armas,sabaterrosario@example.net,Grado,Letras,+34946 349 144,Mujer
918,Jacobo,Tamarit,sotelotiburcio@example.net,Licenciatura,Informatica,+34 822 251 791,Mujer
919,Reyes,Alcaraz,rcabrera@example.com,Doctorado,Letras,+34 974360346,Mujer
920,Benigno,Gras,aragonesariel@example.com,Licenciatura,Letras,+34 820 07 37 55,Mujer
921,Cipriano,Blázquez,smesa@example.net,Grado Superior,Letras,+34972264602,Mujer
922,Amaya,Pedraza,pascualsalva@example.net,Eso,Ingenieria,+34849882364,Mujer
923,Lope,Cabrero,estrellaalonso@example.net,Máster,Informatica,+34806513215,Hombre
924,Maxi,Palomares,tristan24@example.org,Bachillerato,Informatica,+34 901731962,Mujer
925,Lázaro,Moraleda,herminionadal@example.net,Grado Medio,Informatica,+34 727122646,Mujer
926,Elías,Cifuentes,ctorrijos@example.com,Grado,Letras,+34 884062599,Hombre
927,Dionisia,Canet,geronimo48@example.com,Grado,Ingenieria,+34 844 51 20 92,Hombre
928,Benigno,Rosales,dionisiorobledo@example.org,Grado Superior,Letras,+34 923 890 156,Hombre
929,Tecla,Donoso,aura80@example.com,Grado,Informatica,+34827704312,Mujer
930,José María,Galvez,abelbarrena@example.com,Grado Medio,Letras,+34 912188601,Mujer
931,Felicia,Tejada,uvazquez@example.com,Grado Medio,Informatica,+34926 28 39 41,Hombre
932,Rufino,Daza,rodenasmelchor@example.net,Doctorado,Informatica,+34827 352 059,Hombre
933,Graciela,Mir,oharo@example.net,Doctorado,Informatica,+34887606653,Hombre
934,Guadalupe,Sales,mayoralasuncion@example.com,Grado,Ingenieria,+34800 67 47 38,Mujer
935,Jerónimo,Torralba,cornejozacarias@example.com,Doctorado,Informatica,+34 979 912 295,Hombre
936,Cleto,Campo,martabello@example.com,Eso,Informatica,+34941 14 70 60,Mujer
937,Bernardo,Landa,villalbaclara@example.com,Doctorado,Ingenieria,+34803509449,Mujer
938,Mateo,Benavides,msalgado@example.com,Licenciatura,Informatica,+34922 08 34 67,Mujer
939,Edu,Acosta,waltercosta@example.com,Grado Medio,Informatica,+34 821 299 552,Hombre
940,Baltasar,Ballesteros,catalaamelia@example.com,Licenciatura,Informatica,+34982 71 08 99,Hombre
941,Ligia,Riquelme,yguardia@example.org,Bachillerato,Ingenieria,+34800280370,Mujer
942,José Manuel,Haro,fabricioiniguez@example.net,Grado Superior,Ingenieria,+34885 21 80 27,Hombre
943,Ruperto,Priego,izapata@example.com,Grado Superior,Ingenieria,+34823 818 682,Mujer
944,María Ángeles,Ramirez,ramisgodofredo@example.net,Licenciatura,Letras,+34943 66 49 33,Hombre
945,Virginia,Pallarès,angel34@example.net,Grado Superior,Informatica,+34 982 06 41 05,Hombre
946,Débora,Lillo,garciabautista@example.net,Grado,Ingenieria,+34981639859,Hombre
947,Wilfredo,León,maria-jesus63@example.net,Grado Superior,Informatica,+34 828 262 196,Hombre
948,Dani,Viana,harjona@example.org,Máster,Ingenieria,+34 877 92 10 75,Mujer
949,Irma,Ribes,leandro50@example.net,Grado Superior,Letras,+34 703 76 66 71,Mujer
950,Juanita,Pagès,qfuster@example.org,Grado Superior,Informatica,+34942 105 058,Mujer
951,Eloy,Jurado,ruyguzman@example.net,Grado,Informatica,+34986 90 48 80,Hombre
952,Segismundo,Rebollo,malfaro@example.org,Grado,Ingenieria,+34 826 83 55 34,Mujer
953,Javiera,Perales,andreslanda@example.net,Grado,Informatica,+34 823 804 281,Mujer
954,Cristina,Falcó,orozcoamerica@example.com,Licenciatura,Informatica,+34 976633740,Hombre
955,María Ángeles,Montalbán,yzamorano@example.com,Bachillerato,Informatica,+34735021197,Hombre
956,Ruben,Roca,hmarques@example.com,Bachillerato,Ingenieria,+34946 255 768,Hombre
957,Jose Carlos,Pont,cerdanaurora@example.com,Eso,Ingenieria,+34885 10 26 53,Mujer
958,Mario,Giménez,malenarey@example.org,Eso,Ingenieria,+34826 722 579,Hombre
959,Imelda,Ropero,alfaroroldan@example.org,Doctorado,Letras,+34 844320607,Hombre
960,Juan Manuel,Alcolea,taboadanestor@example.org,Grado Superior,Ingenieria,+34823 75 83 82,Hombre
961,Marianela,Mateos,ivan71@example.com,Máster,Ingenieria,+34 842 364 499,Hombre
962,Julia,Ávila,amayasalom@example.org,Licenciatura,Letras,+34 971 25 02 01,Hombre
963,Remedios,Pablo,mercedesgoicoechea@example.org,Máster,Letras,+34924 677 268,Mujer
964,Vidal,Manjón,domingobrigida@example.net,Grado Medio,Ingenieria,+34 742 232 005,Mujer
965,Adriana,Riquelme,manuelitamir@example.com,Grado,Ingenieria,+34 935 20 25 70,Hombre
966,Josep,Torrijos,pepita44@example.com,Eso,Informatica,+34861 700 862,Hombre
967,Miguel Ángel,Carbonell,cplanas@example.org,Máster,Letras,+34 887531365,Mujer
968,Antonia,Andres,vsantos@example.com,Licenciatura,Informatica,+34803 19 82 08,Mujer
969,Erasmo,Lobo,melchorolivares@example.com,Grado Medio,Ingenieria,+34919 247 543,Hombre
970,Macario,Osuna,zvicente@example.net,Bachillerato,Ingenieria,+34902 84 05 96,Mujer
971,Albina,Galán,cfabregas@example.net,Grado Superior,Letras,+34 972 470 237,Mujer
972,Nacho,Cabezas,checavalentina@example.org,Máster,Ingenieria,+34 826 066 522,Hombre
973,Raúl,Palomares,gblanes@example.com,Grado Medio,Ingenieria,+34 975 859 129,Mujer
974,Néstor,Godoy,noemi85@example.net,Eso,Letras,+34874 30 18 11,Mujer
975,Jose Luis,Navas,castillafausto@example.org,Doctorado,Informatica,+34 927 44 98 37,Mujer
976,Quirino,Parra,amadorjuana@example.com,Máster,Letras,+34 825461248,Mujer
977,Leticia,Pera,abellanluciana@example.org,Bachillerato,Letras,+34 806 988 995,Mujer
978,Dorita,Reguera,ciriaco28@example.net,Bachillerato,Ingenieria,+34814878007,Mujer
979,Joan,Tomas,narcisasarabia@example.org,Doctorado,Letras,+34980650323,Mujer
980,Darío,Elías,jacinto76@example.org,Doctorado,Informatica,+34 921 823 526,Mujer
981,Edgardo,Bello,mzorrilla@example.net,Grado Medio,Ingenieria,+34709 24 54 78,Mujer
982,Marcio,Llabrés,chuyborras@example.com,Licenciatura,Ingenieria,+34846895978,Mujer
983,Asdrubal,Otero,calatayuddesiderio@example.com,Máster,Informatica,+34 982849487,Mujer
984,Mireia,Ribes,olivia08@example.com,Grado,Ingenieria,+34876 86 54 42,Hombre
985,Narcisa,Garrido,paloma96@example.org,Bachillerato,Informatica,+34945 03 41 53,Hombre
986,Silvio,Feliu,zizquierdo@example.com,Licenciatura,Ingenieria,+34 880 67 11 16,Hombre
987,Joaquín,Sanchez,fulgenciofeijoo@example.com,Grado Superior,Letras,+34922 457 182,Hombre
988,Purificación,Jove,ribaconcha@example.org,Grado Medio,Ingenieria,+34 847 44 92 06,Mujer
989,Primitivo,Viña,kcuevas@example.com,Bachillerato,Informatica,+34880 970 718,Hombre
990,Nazaret,Benito,maria-jesuscorominas@example.net,Bachillerato,Ingenieria,+34 879 79 50 41,Hombre
991,Eloísa,Martínez,riosjuan-luis@example.net,Grado Medio,Letras,+34902 60 74 81,Hombre
992,Ernesto,Losa,wpedraza@example.net,Bachillerato,Ingenieria,+34902066728,Mujer
993,Miguela,Hernandez,eleuterio32@example.net,Grado Medio,Informatica,+34 924380738,Hombre
994,Bartolomé,Manzano,maytecanals@example.net,Bachillerato,Informatica,+34 945 067 603,Hombre
995,María Dolores,Arellano,marcela48@example.com,Bachillerato,Informatica,+34 862 52 47 48,Hombre
996,Lola,Ferrera,herminia05@example.org,Bachillerato,Letras,+34 874 79 81 05,Mujer
997,Epifanio,Marin,aliagaapolinar@example.net,Licenciatura,Ingenieria,+34920 334 781,Mujer
998,Ibán,Rosado,roblesnacho@example.net,Grado Superior,Ingenieria,+34 827 299 395,Hombre
999,Perlita,Bernad,laura19@example.org,Licenciatura,Informatica,+34 887 673 127,Mujer
